night_utc,bench,run_id,run_number,head_sha,n_samples,complete,median_ns,mean_ns,min_ns,max_ns,stdev_ns,cv_pct,median_ns_steady,mean_ns_steady,samples_ns
2026-07-15,BenchmarkBlastRadius_DefaultsChange_Hierarchical_1000,29391343044,84,b2e12fd539a9,6,True,284034683.0,284003379.3333333,278191319.0,289530685.0,3791684.794282703,1.3350843934263268,282754562.0,283689645.8,285572047;289530685;285314804;282754562;282656859;278191319
2026-07-16,BenchmarkBlastRadius_DefaultsChange_Hierarchical_1000,29474168829,85,1b56e4766171,6,True,226011806.0,226771083.83333334,221727628.0,234936198.0,4827094.891492331,2.128620108831879,226533732.0,227585854.2,222697232;221727628;229241833;226533732;225489880;234936198
2026-07-17,BenchmarkBlastRadius_DefaultsChange_Hierarchical_1000,29557674838,86,ebbf8136e377,6,True,276900647.5,276396772.5,273850050.0,277598123.0,1351324.3342213223,0.48890742174687374,276827203.0,276156502.4,277598123;273850050;276827203;276006215;276974092;277124952
2026-07-18,BenchmarkBlastRadius_DefaultsChange_Hierarchical_1000,29632027547,87,32f28b3bc13b,6,True,278830611.0,278803988.3333333,277972437.0,279566287.0,674249.249383243,0.24183629990870936,278823176.0,278797176.8,278838046;277972437;278823176;279518684;279566287;278105300
2026-07-19,BenchmarkBlastRadius_DefaultsChange_Hierarchical_1000,29675300289,88,ba07b7d9cc7c,6,True,223916511.0,225163406.33333334,222585590.0,232721020.0,3773425.6480476554,1.6758609711479724,224010325.0,225567816.6,223141355;232721020;222585590;223822697;224010325;224699451
2026-07-20,BenchmarkBlastRadius_DefaultsChange_Hierarchical_1000,29720864620,89,4ecc0bdee32c,6,True,265148783.0,265531465.5,264811108.0,266949445.0,861825.4777003869,0.32456623401582774,264977832.0,265247869.6,266949445;264811108;264977832;264920938;265319734;266209736
2026-07-21,BenchmarkBlastRadius_DefaultsChange_Hierarchical_1000,29804773784,90,c4be2b8fc37b,6,True,274541411.0,275905824.5,273137530.0,280027062.0,3251721.1772575304,1.178561990545267,275703455.0,276411116.0,273379367;273137530;273364995;279822538;280027062;275703455
2026-07-22,BenchmarkBlastRadius_DefaultsChange_Hierarchical_1000,29894506183,91,7f8dd633fef2,6,True,274606572.0,274734850.6666667,273397875.0,276275156.0,1212473.9266182454,0.4413251262721412,273991789.0,274510430.8,275856950;273397875;276275156;273991789;275221355;273665979
2026-07-23,BenchmarkBlastRadius_DefaultsChange_Hierarchical_1000,29983092381,92,7f8dd633fef2,6,True,306494045.0,306261341.0,304879178.0,307493460.0,1249298.0913333695,0.4079189646509676,305704988.0,306014917.2,307493460;304884646;304879178;307283102;307322672;305704988
2026-07-24,BenchmarkBlastRadius_DefaultsChange_Hierarchical_1000,30070185243,93,fc45276a5875,6,True,275717152.5,276017431.1666667,273374426.0,278978816.0,1866591.941699783,0.676258718085339,275885299.0,276546032.2,273374426;275885299;275549006;275325196;276991844;278978816
2026-07-25,BenchmarkBlastRadius_DefaultsChange_Hierarchical_1000,30146064925,94,ad341574f17c,6,True,204134318.0,204154905.66666666,203242409.0,204821386.0,626852.4237061436,0.3070474459867426,203906533.0,204021609.6,204821386;203777918;204819085;203242409;203906533;204362103
2026-07-26,BenchmarkBlastRadius_DefaultsChange_Hierarchical_1000,30190111835,95,77bd8c285826,6,True,275516844.0,275908488.5,274254552.0,278436998.0,1638598.1370033044,0.5938918899928316,275775163.0,276038481.2,275258525;274254552;274475086;278436998;277250607;275775163
2026-07-27,BenchmarkBlastRadius_DefaultsChange_Hierarchical_1000,30242446630,96,e9a7d92b5748,6,True,199465006.5,200256096.5,197805836.0,204431058.0,2436631.8022914953,1.2167578639941656,198983176.0,200317948.4,199946837;204431058;198983176;201689108;197805836;198680564
2026-07-28,BenchmarkBlastRadius_DefaultsChange_Hierarchical_1000,30332309478,97,ebb934f0a1f5,6,True,230207853.5,230606404.83333334,228263685.0,233485639.0,1845629.5937282124,0.80033752534415,230409412.0,230817855.0,229549154;228263685;230409412;233485639;231924244;230006295
2026-07-29,BenchmarkBlastRadius_DefaultsChange_Hierarchical_1000,30425942883,98,9ed59fa5e798,6,True,282167989.0,283001189.3333333,278941896.0,290246756.0,4325385.276583564,1.528398268139044,283373774.0,283771519.6,279149538;280962204;278941896;290246756;285332968;283373774
2026-07-30,BenchmarkBlastRadius_DefaultsChange_Hierarchical_1000,30516919622,99,c66889742b5b,6,True,274631179.5,274439678.6666667,271546452.0,279345086.0,2829910.2030000645,1.0311592757828805,274741792.0,275018324.0,271546452;279345086;271718619;274741792;274520567;274765556
2026-07-31,BenchmarkBlastRadius_DefaultsChange_Hierarchical_1000,30608283570,100,aa4992f30ef1,6,True,273054177.0,273264282.8333333,271886907.0,275443688.0,1275689.9307268073,0.46683376162440654,272730868.0,272828401.8,275443688;273377486;272325138;272730868;273821610;271886907
2026-08-01,BenchmarkBlastRadius_DefaultsChange_Hierarchical_1000,30686527891,101,6bd778b67838,6,True,208743525.5,208779588.66666666,208013154.0,209991591.0,720839.6633856011,0.3452634752224172,208773304.0,208913635.8,208109353;208013154;208713747;208773304;209076383;209991591
2026-08-02,BenchmarkBlastRadius_DefaultsChange_Hierarchical_1000,30734783622,102,b57ea62c0133,6,True,278276065.0,280548257.0,274613761.0,289057049.0,5566792.806759454,1.9842549963728535,278694641.0,281184451.4,277367285;274613761;277857489;285699317;289057049;278694641
2026-08-03,BenchmarkBlastRadius_DefaultsChange_Hierarchical_1000,30789482964,103,41368040dd24,6,True,265303093.0,264577029.0,260492905.0,267708684.0,3220039.6690117344,1.2170518662116108,266464005.0,265393853.8,260492905;261049903;264142181;267708684;267604496;266464005
2026-08-04,BenchmarkBlastRadius_DefaultsChange_Hierarchical_1000,30881460004,104,90e6e2f3fd9e,6,True,274509602.5,274742545.1666667,273176441.0,276980275.0,1428806.4305175026,0.5200528478946527,275187295.0,274924672.2,273831910;273717965;276980275;275561385;273176441;275187295
2026-08-05,BenchmarkBlastRadius_DefaultsChange_Hierarchical_1000,30978778938,105,7413b57e0e82,6,True,270280283.0,272249674.5,269120356.0,282511084.0,5093658.773088663,1.8709512811882767,270230452.0,272380481.6,271595639;270230452;270330114;269710402;269120356;282511084
2026-08-06,BenchmarkBlastRadius_DefaultsChange_Hierarchical_1000,31074843308,106,b115e1519df6,6,True,285978115.5,285976865.0,284768924.0,287540020.0,1054503.2821058454,0.36873726904651727,285469375.0,285874866.8,286486856;286531388;285469375;284768924;287540020;285064627
2026-08-07,BenchmarkBlastRadius_DefaultsChange_Hierarchical_1000,31148621511,107,f85bfc3ea8b8,6,True,274153625.0,274153315.5,271975345.0,276579238.0,1821723.016948378,0.6644906021384148,273819029.0,273668131.0,276579238;273819029;271975345;272339368;274488221;275718692
2026-08-08,BenchmarkBlastRadius_DefaultsChange_Hierarchical_1000,31238698860,108,f85bfc3ea8b8,6,True,271757185.0,271656452.3333333,271031303.0,272307444.0,523608.57735704316,0.19274660066404553,271773664.0,271639601.6,271740706;271031303;271773664;271038043;272307444;272047554
2026-08-09,BenchmarkBlastRadius_DefaultsChange_Hierarchical_1000,31294075244,109,257b30dba613,6,True,275929450.0,275557848.8333333,274195058.0,276760536.0,1017882.0691491558,0.36938961218441113,276021250.0,275501888.6,275837650;276107053;274195058;274425546;276021250;276760536
2026-08-10,BenchmarkBlastRadius_DefaultsChange_Hierarchical_1000,31355369237,110,9281424d94ee,6,True,277257793.5,278024806.3333333,275813919.0,281214871.0,2084518.7847763489,0.7497599988531776,277156953.0,277643417.4,279931751;281214871;277358634;275813919;276672710;277156953
2026-08-11,BenchmarkBlastRadius_DefaultsChange_Hierarchical_1000,31457798282,111,b016f77eed8b,6,True,282377944.0,282489616.5,277917500.0,287819972.0,3390496.6666869177,1.200219926202816,281914672.0,281423545.4,287819972;284166798;277917500;282841216;280277541;281914672
2026-08-12,BenchmarkBlastRadius_DefaultsChange_Hierarchical_1000,31564103354,112,2e61b20a7f94,6,True,270974882.5,271004872.6666667,269673936.0,272330022.0,964235.7058333127,0.35580013611759415,270579872.0,270931868.6,271369893;272330022;271672308;270403205;270579872;269673936
2026-08-13,BenchmarkBlastRadius_DefaultsChange_Hierarchical_1000,31668058000,113,72fdaf56f88e,6,True,282284979.0,281613544.1666667,279054475.0,283466282.0,1677066.4133139648,0.5955205095964528,282181803.0,281434062.0,282510955;279054475;280079595;283466282;282181803;282388155
2026-07-15,BenchmarkDiffAndReload_Hierarchical_1000_Churn10pct,29391343044,84,b2e12fd539a9,6,True,290947164.0,291381489.0,287056579.0,298745241.0,3979799.3424221277,1.3658380826045293,290958384.0,292246471.0,287056579;288967497;290958384;291625289;290935944;298745241
2026-07-16,BenchmarkDiffAndReload_Hierarchical_1000_Churn10pct,29474168829,85,1b56e4766171,6,True,233996319.0,233711956.5,227509876.0,239709394.0,4806781.736652945,2.0567119494602943,233995109.0,232844343.8,238050020;239709394;233997529;229009811;233995109;227509876
2026-07-17,BenchmarkDiffAndReload_Hierarchical_1000_Churn10pct,29557674838,86,ebbf8136e377,6,True,289928455.0,290291291.8333333,283858245.0,295931067.0,4010562.8035397436,1.3815649715880391,290132198.0,290477982.4,289357839;290132198;295931067;289724712;292743690;283858245
2026-07-18,BenchmarkDiffAndReload_Hierarchical_1000_Churn10pct,29632027547,87,32f28b3bc13b,6,True,290089000.0,289991909.0,287068751.0,292745908.0,1868401.4922667986,0.6442943524561572,289835498.0,289921790.4,290342502;292745908;290746719;289212076;287068751;289835498
2026-07-19,BenchmarkDiffAndReload_Hierarchical_1000_Churn10pct,29675300289,88,ba07b7d9cc7c,6,True,228194082.0,228906591.5,227254400.0,231082039.0,1681175.5407340126,0.7344373657907587,227860660.0,228471502.0,231082039;230942588;227860660;228527504;227772358;227254400
2026-07-20,BenchmarkDiffAndReload_Hierarchical_1000_Churn10pct,29720864620,89,4ecc0bdee32c,6,True,275003132.5,274992456.3333333,274443010.0,275549734.0,390751.0971125566,0.14209520592772404,275003709.0,275050206.8,274703704;275002556;275252025;274443010;275003709;275549734
2026-07-21,BenchmarkDiffAndReload_Hierarchical_1000_Churn10pct,29804773784,90,c4be2b8fc37b,6,True,286062404.5,285599699.5,284244111.0,286502348.0,990285.142019358,0.3467388599333446,286265597.0,285870817.2,284244111;286265597;285859212;284461093;286265836;286502348
2026-07-22,BenchmarkDiffAndReload_Hierarchical_1000_Churn10pct,29894506183,91,7f8dd633fef2,6,True,285640689.0,286103127.8333333,283695992.0,289389432.0,2098146.0891232924,0.7333530762185682,286136876.0,286294853.0,285144502;287625289;283695992;284626676;289389432;286136876
2026-07-23,BenchmarkDiffAndReload_Hierarchical_1000_Churn10pct,29983092381,92,7f8dd633fef2,6,True,316994933.0,316734594.6666667,314665309.0,318092984.0,1180804.850367014,0.3728057718512561,317266234.0,316819830.4,316308416;318092984;317350993;314665309;316723632;317266234
2026-07-24,BenchmarkDiffAndReload_Hierarchical_1000_Churn10pct,30070185243,93,fc45276a5875,6,True,286336330.0,286391487.6666667,284537115.0,288149928.0,1273394.4997091305,0.44463419987930797,286680851.0,286762362.2,284537115;285991809;286680851;287304585;285684638;288149928
2026-07-25,BenchmarkDiffAndReload_Hierarchical_1000_Churn10pct,30146064925,94,ad341574f17c,6,True,214444895.0,214102733.16666666,211666627.0,215855848.0,1771050.1116351753,0.8271964049410404,214031919.0,213753586.6,215848466;214857871;212355668;211666627;214031919;215855848
2026-07-26,BenchmarkDiffAndReload_Hierarchical_1000_Churn10pct,30190111835,95,77bd8c285826,6,True,284859193.0,284638858.1666667,283215511.0,285417330.0,770587.8208080936,0.27072474425009313,285003010.0,284923527.6,283215511;285039106;285003010;284442816;285417330;284715376
2026-07-27,BenchmarkDiffAndReload_Hierarchical_1000_Churn10pct,30242446630,96,e9a7d92b5748,6,True,209452791.0,210512774.5,205259349.0,221977909.0,6028729.494169622,2.8638307145439397,210294670.0,210893147.0,208610912;206159927;210294670;221977909;205259349;210773880
2026-07-28,BenchmarkDiffAndReload_Hierarchical_1000_Churn10pct,30332309478,97,ebb934f0a1f5,6,True,233013275.5,233004432.5,231935366.0,233820157.0,743213.1077936529,0.3189695147939527,233348543.0,233099255.0,232530320;231935366;233820157;232678008;233348543;233714201
2026-07-29,BenchmarkDiffAndReload_Hierarchical_1000_Churn10pct,30425942883,98,9ed59fa5e798,6,True,293166845.5,293502482.5,289941271.0,297199517.0,3114465.8544441774,1.0611378234063753,291817471.0,293299735.0,294516220;297199517;296781762;290758654;291817471;289941271
2026-07-30,BenchmarkDiffAndReload_Hierarchical_1000_Churn10pct,30516919622,99,c66889742b5b,6,True,281129574.0,281095098.6666667,280372027.0,282071511.0,649740.5999128165,0.23114618611095164,281364176.0,281224303.2,280449076;280894972;281364176;281418830;282071511;280372027
2026-07-31,BenchmarkDiffAndReload_Hierarchical_1000_Churn10pct,30608283570,100,aa4992f30ef1,5,False,285834534.0,287152152.0,284366962.0,290485499.0,3039697.357672882,1.0585668038708906,285268916.0,286347573.25,290370467;290485499;284703298;284366962;285834534
2026-08-01,BenchmarkDiffAndReload_Hierarchical_1000_Churn10pct,30686527891,101,6bd778b67838,6,True,217079536.5,217233282.83333334,216252523.0,218212035.0,792229.3874080705,0.36469061143631853,217372405.0,217429434.8,216252523;216786668;217372405;218077807;216698259;218212035
2026-08-02,BenchmarkDiffAndReload_Hierarchical_1000_Churn10pct,30734783622,102,b57ea62c0133,6,True,290754969.0,292175522.0,289214893.0,296352632.0,3138078.5218059155,1.074038817600167,290681330.0,291340100.0,296352632;295959166;289214893;290681330;290016503;290828608
2026-08-03,BenchmarkDiffAndReload_Hierarchical_1000_Churn10pct,30789482964,103,41368040dd24,6,True,277152888.5,276955214.6666667,273610274.0,280659591.0,2967395.928360398,1.0714352975559058,276157926.0,276716687.4,278147851;280659591;279473791;273681855;276157926;273610274
2026-08-04,BenchmarkDiffAndReload_Hierarchical_1000_Churn10pct,30881460004,104,90e6e2f3fd9e,6,True,284952539.0,284906030.6666667,282769685.0,287051932.0,1449547.1522942146,0.5087807895474669,285396457.0,285052915.6,284171606;287051932;285537883;284508621;285396457;282769685
2026-08-05,BenchmarkDiffAndReload_Hierarchical_1000_Churn10pct,30978778938,105,7413b57e0e82,6,True,281520385.5,281407321.6666667,279989601.0,282131161.0,750670.3726732971,0.2667558072858115,281564028.0,281414376.0,281372050;281564028;281910347;282131161;281476743;279989601
2026-08-06,BenchmarkDiffAndReload_Hierarchical_1000_Churn10pct,31074843308,106,b115e1519df6,6,True,292924822.5,291692394.0,285912233.0,295389380.0,3786578.92766064,1.2981411259083566,291739235.0,290952996.8,295389380;291739235;288444504;285912233;294110410;294558602
2026-08-07,BenchmarkDiffAndReload_Hierarchical_1000_Churn10pct,31148621511,107,f85bfc3ea8b8,6,True,284535041.5,284818073.0,282910862.0,287643454.0,1750660.204882718,0.6146591002610702,284011890.0,284611034.0,285853268;285058193;282910862;283430771;284011890;287643454
2026-08-08,BenchmarkDiffAndReload_Hierarchical_1000_Churn10pct,31238698860,108,f85bfc3ea8b8,6,True,282423408.0,282726378.5,281659824.0,284088078.0,999420.4796864531,0.3534938922179322,282310232.0,282454038.6,284088078;281947714;283815839;282310232;281659824;282536584
2026-08-09,BenchmarkDiffAndReload_Hierarchical_1000_Churn10pct,31294075244,109,257b30dba613,6,True,285243940.0,285300389.1666667,282664758.0,288642734.0,2040397.2800493944,0.7151750777519745,285683560.0,285827515.4,282664758;285683560;283971718;288642734;284804320;286035245
2026-08-10,BenchmarkDiffAndReload_Hierarchical_1000_Churn10pct,31355369237,110,9281424d94ee,6,True,292178886.5,292878282.1666667,290728977.0,297173730.0,2549629.582216163,0.8705423848277214,293279765.0,293308143.2,290728977;291078008;293279765;297173730;294200370;290808843
2026-08-11,BenchmarkDiffAndReload_Hierarchical_1000_Churn10pct,31457798282,111,b016f77eed8b,6,True,293063994.5,292926520.5,286416106.0,298799258.0,4129763.1898778775,1.409829052975037,294043982.0,293095023.2,292084007;294043982;294893360;298799258;291322410;286416106
2026-08-12,BenchmarkDiffAndReload_Hierarchical_1000_Churn10pct,31564103354,112,2e61b20a7f94,6,True,282329957.0,282175410.3333333,281295018.0,282673724.0,546011.2361527615,0.19350064398161393,282573077.0,282351488.8,281295018;282086837;282673724;281825518;282573077;282598288
2026-08-13,BenchmarkDiffAndReload_Hierarchical_1000_Churn10pct,31668058000,113,72fdaf56f88e,6,True,296719023.0,297028456.8333333,295240552.0,299684356.0,1559471.145505606,0.5250241549686421,296275483.0,296892536.6,297708058;296275483;296099729;299684356;297162563;295240552
2026-07-15,BenchmarkDiffAndReload_Hierarchical_1000_NoChange,29391343044,84,b2e12fd539a9,6,True,274243632.0,274807184.6666667,272185106.0,277777517.0,2167451.16096697,0.7887170648744234,274813099.0,275331600.4,272185106;273435364;273674165;274813099;276957857;277777517
2026-07-16,BenchmarkDiffAndReload_Hierarchical_1000_NoChange,29474168829,85,1b56e4766171,6,True,230666327.0,230932897.83333334,226206332.0,236009099.0,4052849.5909007736,1.7549901416929161,230989445.0,231878211.0,226206332;226922704;230343209;235126598;236009099;230989445
2026-07-17,BenchmarkDiffAndReload_Hierarchical_1000_NoChange,29557674838,86,ebbf8136e377,6,True,272306471.5,272759541.1666667,271971955.0,274286810.0,972216.593030466,0.3564372446412072,272354019.0,272917058.4,271971955;272258924;272354019;272022933;273662606;274286810
2026-07-18,BenchmarkDiffAndReload_Hierarchical_1000_NoChange,29632027547,87,32f28b3bc13b,6,True,272949385.0,273346240.3333333,271191743.0,275544030.0,1739869.6481595011,0.6365076198003708,273207156.0,273777139.8,271191743;272691614;275544030;275292142;273207156;272150757
2026-07-19,BenchmarkDiffAndReload_Hierarchical_1000_NoChange,29675300289,88,ba07b7d9cc7c,6,True,216932988.0,216825143.33333334,216088851.0,217921932.0,683465.3924343694,0.3152150077833237,216975591.0,216812095.0,216890385;216088851;216982958;217921932;216091143;216975591
2026-07-20,BenchmarkDiffAndReload_Hierarchical_1000_NoChange,29720864620,89,4ecc0bdee32c,6,True,260587582.0,260793648.66666666,260280301.0,261550495.0,545163.2223870817,0.2090400687188061,260492268.0,260642279.4,261550495;260492268;260280301;260362041;261393891;260682896
2026-07-21,BenchmarkDiffAndReload_Hierarchical_1000_NoChange,29804773784,90,c4be2b8fc37b,6,True,269224074.5,269626777.1666667,266684567.0,273858131.0,2398467.0150611135,0.8895507487294294,269301434.0,269722789.6,269146715;273858131;266684567;270320043;269301434;268449773
2026-07-22,BenchmarkDiffAndReload_Hierarchical_1000_NoChange,29894506183,91,7f8dd633fef2,6,True,268512563.0,268665985.1666667,267657640.0,269611363.0,719580.7395708745,0.26783470156241895,268394598.0,268525544.4,269368189;268394598;267657640;269611363;268333593;268630528
2026-07-23,BenchmarkDiffAndReload_Hierarchical_1000_NoChange,29983092381,92,7f8dd633fef2,6,True,297898702.5,297725582.8333333,295698465.0,300125082.0,1664243.5678644418,0.5589857452041953,297537289.0,297618676.2,298260116;295698465;297537289;298670562;296061983;300125082
2026-07-24,BenchmarkDiffAndReload_Hierarchical_1000_NoChange,30070185243,93,fc45276a5875,6,True,267668088.0,267873650.16666666,266260449.0,269829368.0,1169154.1182450526,0.4364573064643065,267682458.0,268196290.4,266260449;268308003;269829368;267653718;267507905;267682458
2026-07-25,BenchmarkDiffAndReload_Hierarchical_1000_NoChange,30146064925,94,ad341574f17c,6,True,199915273.0,199933743.16666666,199204911.0,201003967.0,658645.3825510102,0.3294318268237279,200147230.0,200046390.2,199370508;200192527;201003967;199204911;199683316;200147230
2026-07-26,BenchmarkDiffAndReload_Hierarchical_1000_NoChange,30190111835,95,77bd8c285826,6,True,265098892.0,265272133.5,263922224.0,266641475.0,1083747.5747052447,0.408541809652707,264771738.0,264998265.2,266641475;266396811;264474507;264771738;265426046;263922224
2026-07-27,BenchmarkDiffAndReload_Hierarchical_1000_NoChange,30242446630,96,e9a7d92b5748,6,True,195142594.5,194765689.66666666,190538922.0,198792633.0,3356675.4053916303,1.7234428769956556,195360087.0,195480214.0,191193068;197784326;195360087;198792633;194925102;190538922
2026-07-28,BenchmarkDiffAndReload_Hierarchical_1000_NoChange,30332309478,97,ebb934f0a1f5,6,True,221792773.5,222645214.66666666,220848177.0,225551946.0,2013891.5143379166,0.9045294404162312,222276046.0,223004622.2,220848177;221139642;221309501;224745976;222276046;225551946
2026-07-29,BenchmarkDiffAndReload_Hierarchical_1000_NoChange,30425942883,98,9ed59fa5e798,6,True,276231675.5,276161228.3333333,274294439.0,277568545.0,1069337.9969969583,0.38721510743942716,276390791.0,276182411.8,276055311;276585724;274294439;276072560;277568545;276390791
2026-07-30,BenchmarkDiffAndReload_Hierarchical_1000_NoChange,30516919622,99,c66889742b5b,6,True,265938600.5,266059309.83333334,265120018.0,267589082.0,864375.5703573341,0.3248807834985372,265731097.0,266012109.4,266295312;266146104;265731097;265120018;265474246;267589082
2026-07-31,BenchmarkDiffAndReload_Hierarchical_1000_NoChange,30608283570,100,aa4992f30ef1,6,True,272922984.5,273065032.6666667,271307588.0,275767839.0,1583302.838269125,0.5798262863637612,272522227.0,272524471.4,275767839;272522227;273323742;271851150;273617650;271307588
2026-08-01,BenchmarkDiffAndReload_Hierarchical_1000_NoChange,30686527891,101,6bd778b67838,6,True,203418643.5,203409128.16666666,202938798.0,203849104.0,290212.6008569694,0.14267432512624453,203424002.0,203503194.2,202938798;203359904;203424002;203413285;203469676;203849104
2026-08-02,BenchmarkDiffAndReload_Hierarchical_1000_NoChange,30734783622,102,b57ea62c0133,6,True,279406273.5,280743651.0,278081394.0,286167606.0,3309053.8487110785,1.1786745085505348,280206291.0,281171130.0,278606256;278113551;286167606;278081394;280206291;283286808
2026-08-03,BenchmarkDiffAndReload_Hierarchical_1000_NoChange,30789482964,103,41368040dd24,6,True,260581905.0,261439437.83333334,258356640.0,266475834.0,3260861.8657025886,1.2472723674464814,260211989.0,260432158.6,266475834;260951821;258356640;260211989;258445774;264194569
2026-08-04,BenchmarkDiffAndReload_Hierarchical_1000_NoChange,30881460004,104,90e6e2f3fd9e,6,True,268407379.5,268675773.1666667,267940109.0,270143169.0,775897.7769470451,0.28878591017052185,268405779.0,268382294.0,270143169;268854487;268302115;268408980;268405779;267940109
2026-08-05,BenchmarkDiffAndReload_Hierarchical_1000_NoChange,30978778938,105,7413b57e0e82,6,True,265615842.0,265661884.5,265036104.0,266140165.0,428936.6964938999,0.1614596302744739,265520754.0,265567419.8,266134208;266140165;265710930;265520754;265429146;265036104
2026-08-06,BenchmarkDiffAndReload_Hierarchical_1000_NoChange,31074843308,106,b115e1519df6,6,True,274021272.0,274508243.5,272771924.0,276996070.0,1801532.1552167477,0.656276158503323,274162872.0,274846121.6,272818853;273879672;276996070;276420070;274162872;272771924
2026-08-07,BenchmarkDiffAndReload_Hierarchical_1000_NoChange,31148621511,107,f85bfc3ea8b8,6,True,269821565.5,269348085.5,266175313.0,271362582.0,1872599.3550041344,0.6952339577717676,270460663.0,269982640.0,266175313;268423968;269182468;271362582;270460663;270483519
2026-08-08,BenchmarkDiffAndReload_Hierarchical_1000_NoChange,31238698860,108,f85bfc3ea8b8,6,True,269724042.5,269548820.0,267581075.0,271009746.0,1459193.8283328915,0.5413467691429298,268746572.0,269318281.4,270701513;267581075;268746572;268474753;270779261;271009746
2026-08-09,BenchmarkDiffAndReload_Hierarchical_1000_NoChange,31294075244,109,257b30dba613,6,True,267515064.5,267395598.0,266445827.0,268176177.0,718343.6365233564,0.2686445258995462,267823970.0,267433485.8,267206159;268011457;268176177;266709998;267823970;266445827
2026-08-10,BenchmarkDiffAndReload_Hierarchical_1000_NoChange,31355369237,110,9281424d94ee,6,True,273440506.0,274386388.5,270560032.0,281407525.0,3829798.3164790673,1.3957683314451539,274048942.0,274863697.6,271999843;270560032;272832070;275469919;274048942;281407525
2026-08-11,BenchmarkDiffAndReload_Hierarchical_1000_NoChange,31457798282,111,b016f77eed8b,6,True,275075170.5,274085593.0,270858439.0,276449030.0,2216369.1398651986,0.8086412407182595,275131734.0,274731023.8,270858439;275131734;276449030;275018607;275256179;271799569
2026-08-12,BenchmarkDiffAndReload_Hierarchical_1000_NoChange,31564103354,112,2e61b20a7f94,6,True,266293440.5,266257985.83333334,265188369.0,267053729.0,661695.7224877358,0.2485167610716962,266444497.0,266471909.2,265188369;266142384;265945239;266773697;267053729;266444497
2026-08-13,BenchmarkDiffAndReload_Hierarchical_1000_NoChange,31668058000,113,72fdaf56f88e,6,True,281695788.5,281979144.5,279732105.0,284887281.0,1902465.1298692178,0.6746829214063446,282323052.0,282428552.4,279732105;280583162;282323052;281068525;283280742;284887281
2026-07-15,BenchmarkDiffAndReload_Hierarchical_1000_OneTenantChanged,29391343044,84,b2e12fd539a9,6,True,277454159.5,277099135.1666667,274093981.0,279616816.0,2371917.3651885446,0.8559815113684526,276723463.0,276643572.6,279376948;278184856;279616816;276723463;274598747;274093981
2026-07-16,BenchmarkDiffAndReload_Hierarchical_1000_OneTenantChanged,29474168829,85,1b56e4766171,6,True,233230450.0,233054357.66666666,228329285.0,238120430.0,3649510.746209835,1.565948297533944,233641082.0,233101265.6,232819818;235704742;229710789;233641082;228329285;238120430
2026-07-17,BenchmarkDiffAndReload_Hierarchical_1000_OneTenantChanged,29557674838,86,ebbf8136e377,6,True,273981394.5,273821516.0,272733850.0,274621243.0,645207.917676465,0.2356308324859559,273871797.0,273764161.2,274108290;273871797;274090992;273502924;274621243;272733850
2026-07-18,BenchmarkDiffAndReload_Hierarchical_1000_OneTenantChanged,29632027547,87,32f28b3bc13b,6,True,273844011.0,273964598.5,273073584.0,275364301.0,909770.6543176143,0.3320759905837302,274271970.0,274142801.4,273073584;274521558;275364301;273140126;273416052;274271970
2026-07-19,BenchmarkDiffAndReload_Hierarchical_1000_OneTenantChanged,29675300289,88,ba07b7d9cc7c,6,True,219614734.0,219750523.33333334,218512722.0,222216109.0,1319346.645096226,0.6003838466836988,219499127.0,219257406.2,222216109;219499127;219730341;218512722;218737939;219806902
2026-07-20,BenchmarkDiffAndReload_Hierarchical_1000_OneTenantChanged,29720864620,89,4ecc0bdee32c,6,True,262202832.5,262324882.0,260766828.0,263654962.0,988982.8626339285,0.37700688363749213,262302011.0,262369127.6,262103654;262044731;260766828;262302011;263077106;263654962
2026-07-21,BenchmarkDiffAndReload_Hierarchical_1000_OneTenantChanged,29804773784,90,c4be2b8fc37b,6,True,269936792.0,271231213.8333333,267802576.0,279500064.0,4162446.12737301,1.5346486374281236,269904394.0,271345638.2,270659092;269904394;269551967;267802576;279500064;269969190
2026-07-22,BenchmarkDiffAndReload_Hierarchical_1000_OneTenantChanged,29894506183,91,7f8dd633fef2,6,True,271499404.5,271401925.6666667,270194198.0,272663251.0,1039355.7545088528,0.382958135597527,271297294.0,271216060.4,272331252;270224044;272663251;271297294;271701515;270194198
2026-07-23,BenchmarkDiffAndReload_Hierarchical_1000_OneTenantChanged,29983092381,92,7f8dd633fef2,6,True,298400476.5,298319746.0,296842473.0,299194183.0,816747.3934205116,0.27378254519582207,298429713.0,298615200.6,296842473;298371240;299194183;298168778;298429713;298912089
2026-07-24,BenchmarkDiffAndReload_Hierarchical_1000_OneTenantChanged,30070185243,93,fc45276a5875,6,True,271575705.0,271297583.1666667,269118217.0,272411911.0,1190990.8876040012,0.4389979717852252,271637542.0,271733456.4,269118217;270915920;272188041;271637542;272411911;271513868
2026-07-25,BenchmarkDiffAndReload_Hierarchical_1000_OneTenantChanged,30146064925,94,ad341574f17c,6,True,202404282.5,202443083.66666666,201279108.0,203882214.0,842004.6086179498,0.4159216473921901,202314383.0,202432864.0,202494182;201279108;202544601;203882214;202144014;202314383
2026-07-26,BenchmarkDiffAndReload_Hierarchical_1000_OneTenantChanged,30190111835,95,77bd8c285826,6,True,267405302.0,267700069.66666666,265298802.0,270140031.0,1653384.1014275742,0.6176255775675838,267502133.0,267778389.4,267308471;265298802;267502133;270140031;267079763;268871218
2026-07-27,BenchmarkDiffAndReload_Hierarchical_1000_OneTenantChanged,30242446630,96,e9a7d92b5748,6,True,201542475.0,201084608.33333334,199567940.0,202443050.0,1132648.7765205358,0.5632697529206064,201532561.0,200983586.2,201589719;201552389;201532561;199821991;202443050;199567940
2026-07-28,BenchmarkDiffAndReload_Hierarchical_1000_OneTenantChanged,30332309478,97,ebb934f0a1f5,6,True,223166521.5,223521544.0,222461882.0,226027970.0,1286713.961638561,0.575655455224737,223160723.0,223511599.8,223571265;223160723;222461882;223172320;222735104;226027970
2026-07-29,BenchmarkDiffAndReload_Hierarchical_1000_OneTenantChanged,30425942883,98,9ed59fa5e798,6,True,281158631.0,280773536.8333333,278162486.0,283463055.0,2035419.6616414431,0.7249328710239757,280673406.0,280525656.8,282012937;283463055;278162486;280673406;278685481;281643856
2026-07-30,BenchmarkDiffAndReload_Hierarchical_1000_OneTenantChanged,30516919622,99,c66889742b5b,6,True,267808119.0,268196614.0,266552579.0,270457996.0,1346485.0191328533,0.5020514610720825,267817026.0,268525421.0,266552579;267799212;267593189;267817026;268959682;270457996
2026-07-31,BenchmarkDiffAndReload_Hierarchical_1000_OneTenantChanged,30608283570,100,aa4992f30ef1,6,True,273636932.5,274095311.0,272643520.0,277115825.0,1636351.9344708216,0.5970010681688829,274095279.0,274385669.2,272643520;273026320;277115825;274512336;273178586;274095279
2026-08-01,BenchmarkDiffAndReload_Hierarchical_1000_OneTenantChanged,30686527891,101,6bd778b67838,6,True,204740876.5,204651942.33333334,204090103.0,205348423.0,482845.13911094377,0.23593479426864877,204837202.0,204764310.2,204090103;204120360;204837202;204644551;205348423;204871015
2026-08-02,BenchmarkDiffAndReload_Hierarchical_1000_OneTenantChanged,30734783622,102,b57ea62c0133,6,True,286783757.0,285814683.1666667,283011112.0,287649353.0,2064445.5161670328,0.7223021201339737,286987961.0,285661709.2,286579553;287649353;286987961;283374002;283011112;287286118
2026-08-03,BenchmarkDiffAndReload_Hierarchical_1000_OneTenantChanged,30789482964,103,41368040dd24,6,True,260078332.0,262301433.33333334,258202409.0,272528766.0,5453926.233773708,2.0792590282352155,259506573.0,262631701.8,260650091;259506573;258202409;258687899;272528766;264232862
2026-08-04,BenchmarkDiffAndReload_Hierarchical_1000_OneTenantChanged,30881460004,104,90e6e2f3fd9e,6,True,268454044.5,268544564.0,268009741.0,269538293.0,543449.8198060241,0.202368579617208,268530294.0,268651528.6,268009741;268377795;268666911;268144350;269538293;268530294
2026-08-05,BenchmarkDiffAndReload_Hierarchical_1000_OneTenantChanged,30978778938,105,7413b57e0e82,6,True,266637649.0,266588459.5,265967410.0,267038883.0,368692.441927279,0.13830022598081707,266730825.0,266617642.0,266442547;266544473;266730825;266806619;267038883;265967410
2026-08-06,BenchmarkDiffAndReload_Hierarchical_1000_OneTenantChanged,31074843308,106,b115e1519df6,6,True,277510348.5,276931241.0,273822875.0,279329566.0,1948233.7612336976,0.7035081178268715,277363103.0,276741552.6,277879683;273822875;275534625;279329566;277363103;277657594
2026-08-07,BenchmarkDiffAndReload_Hierarchical_1000_OneTenantChanged,31148621511,107,f85bfc3ea8b8,6,True,271092825.0,271134109.3333333,269826709.0,272717682.0,949117.6612360907,0.35005468827577196,270933384.0,270817394.8,272717682;270933384;269826709;270710099;271364516;271252266
2026-08-08,BenchmarkDiffAndReload_Hierarchical_1000_OneTenantChanged,31238698860,108,f85bfc3ea8b8,6,True,268836945.5,269068316.0,267757426.0,271277105.0,1338786.827469407,0.4975639076989678,268641302.0,268907563.8,269872077;268641302;267829397;267757426;271277105;269032589
2026-08-09,BenchmarkDiffAndReload_Hierarchical_1000_OneTenantChanged,31294075244,109,257b30dba613,6,True,268903565.0,269027087.5,267453617.0,271088251.0,1257708.8869544892,0.4675026959708989,269177776.0,269106634.2,268629354;267453617;269177776;269605011;268208516;271088251
2026-08-10,BenchmarkDiffAndReload_Hierarchical_1000_OneTenantChanged,31355369237,110,9281424d94ee,5,False,279688223.0,279713034.4,276133766.0,283333534.0,3141768.5319473012,1.1232113436138467,280998585.0,280366117.5,277100702;283333534;279688223;282308947;276133766
2026-08-11,BenchmarkDiffAndReload_Hierarchical_1000_OneTenantChanged,31457798282,111,b016f77eed8b,6,True,276825846.0,276956490.8333333,272330756.0,281223243.0,3324023.446956198,1.2001969829104047,275514321.0,276405048.4,279713703;275514321;274819551;281223243;272330756;278137371
2026-08-12,BenchmarkDiffAndReload_Hierarchical_1000_OneTenantChanged,31564103354,112,2e61b20a7f94,6,True,267668339.0,267735214.83333334,266529691.0,269433464.0,962692.3108845145,0.3595688043815214,267564748.0,267727871.8,267771930;266529691;269433464;267238154;267564748;267873302
2026-08-13,BenchmarkDiffAndReload_Hierarchical_1000_OneTenantChanged,31668058000,113,72fdaf56f88e,6,True,283018197.0,282914056.6666667,279898234.0,284587334.0,1705156.58510269,0.6027118642294007,282739568.0,282579401.2,284587334;279898234;282739568;283296826;284435787;282526591
2026-07-15,BenchmarkDiffAndReload_MixedMode_500flat_500hier_NoChange,29391343044,84,b2e12fd539a9,6,True,172205685.5,171922829.5,169329913.0,173126970.0,1408627.9474499645,0.8193373454512418,172609693.0,171976377.2,171655091;169329913;171801678;173126970;172609693;173013632
2026-07-16,BenchmarkDiffAndReload_MixedMode_500flat_500hier_NoChange,29474168829,85,1b56e4766171,6,True,137043993.0,137436007.83333334,133136544.0,141579480.0,3000217.1748546083,2.1829920863918924,137835883.0,137672788.8,136252103;133136544;139822971;137835883;135989066;141579480
2026-07-17,BenchmarkDiffAndReload_MixedMode_500flat_500hier_NoChange,29557674838,86,ebbf8136e377,6,True,164466486.5,164460244.83333334,164002035.0,164879492.0,383423.9865232308,0.23314083407318215,164690226.0,164528137.4,164120782;164242747;164002035;164879492;164826187;164690226
2026-07-18,BenchmarkDiffAndReload_MixedMode_500flat_500hier_NoChange,29632027547,87,32f28b3bc13b,6,True,169824199.0,169804918.83333334,169210761.0,170652565.0,541039.8557753086,0.3186243717158448,169630410.0,169760151.4,170028756;169289033;169630410;170652565;169210761;170017988
2026-07-19,BenchmarkDiffAndReload_MixedMode_500flat_500hier_NoChange,29675300289,88,ba07b7d9cc7c,6,True,132901301.0,132654640.16666667,131547789.0,133388738.0,765115.2270513028,0.5767723059593057,132907128.0,132876010.4,131547789;131875340;132895474;132907128;133313372;133388738
2026-07-20,BenchmarkDiffAndReload_MixedMode_500flat_500hier_NoChange,29720864620,89,4ecc0bdee32c,6,True,160475968.0,160440655.16666666,160298223.0,160533105.0,101586.43275834952,0.0633171390710297,160451054.0,160428609.8,160500882;160533105;160451054;160527330;160333337;160298223
2026-07-21,BenchmarkDiffAndReload_MixedMode_500flat_500hier_NoChange,29804773784,90,c4be2b8fc37b,6,True,167254634.5,167207240.16666666,166812239.0,167553817.0,262631.4068670513,0.15706939879234239,167310736.0,167208981.6,167198533;166812239;167310736;167015427;167553817;167352689
2026-07-22,BenchmarkDiffAndReload_MixedMode_500flat_500hier_NoChange,29894506183,91,7f8dd633fef2,6,True,166735382.0,167172430.66666666,165914318.0,169456667.0,1265764.8509102575,0.7571612411583154,166949440.0,167308049.2,166494338;167698497;166521324;165914318;166949440;169456667
2026-07-23,BenchmarkDiffAndReload_MixedMode_500flat_500hier_NoChange,29983092381,92,7f8dd633fef2,6,True,188328532.0,188100666.5,186531388.0,189504635.0,1004317.2732205197,0.5339254197807533,188413639.0,188072114.8,188243425;188413639;188429270;186531388;189504635;187481642
2026-07-24,BenchmarkDiffAndReload_MixedMode_500flat_500hier_NoChange,30070185243,93,fc45276a5875,6,True,168137697.5,167965818.0,167178736.0,168405784.0,499890.2576034064,0.29761427864055434,168194214.0,168123234.4,167178736;167536855;168405784;168398138;168194214;168081181
2026-07-25,BenchmarkDiffAndReload_MixedMode_500flat_500hier_NoChange,30146064925,94,ad341574f17c,6,True,123324485.5,123352268.33333333,123065419.0,123810273.0,265779.22822648624,0.21546359205026883,123317845.0,123260667.4,123810273;123317845;123331126;123065419;123131947;123457000
2026-07-26,BenchmarkDiffAndReload_MixedMode_500flat_500hier_NoChange,30190111835,95,77bd8c285826,6,True,163851708.0,163788715.83333334,161679900.0,166488987.0,1779729.3886904735,1.0866007341442707,163283261.0,163248661.6,166488987;162167646;164692346;161679900;163283261;164420155
2026-07-27,BenchmarkDiffAndReload_MixedMode_500flat_500hier_NoChange,30242446630,96,e9a7d92b5748,6,True,116027779.0,116301838.66666667,113958003.0,119089230.0,2134735.8717285534,1.835513433151243,115736804.0,115862491.8,118498573;116318754;113958003;115736804;119089230;114209668
2026-07-28,BenchmarkDiffAndReload_MixedMode_500flat_500hier_NoChange,30332309478,97,ebb934f0a1f5,6,True,136368994.5,136530466.66666666,134882527.0,138101740.0,1126710.9324474786,0.8252450606488407,136505910.0,136590144.2,136232079;136025538;137435006;138101740;136505910;134882527
2026-07-29,BenchmarkDiffAndReload_MixedMode_500flat_500hier_NoChange,30425942883,98,9ed59fa5e798,6,True,171001347.5,170674132.5,167468890.0,173015873.0,1921068.6551788563,1.1255769266493014,170488246.0,170205784.4,173015873;171761688;169795649;171514449;170488246;167468890
2026-07-30,BenchmarkDiffAndReload_MixedMode_500flat_500hier_NoChange,30516919622,99,c66889742b5b,6,True,164277295.0,164396551.83333334,163720387.0,165609703.0,650006.217106088,0.39538920364039626,164159916.0,164396927.4,164394674;164451108;165609703;164043523;163720387;164159916
2026-07-31,BenchmarkDiffAndReload_MixedMode_500flat_500hier_NoChange,30608283570,100,aa4992f30ef1,6,True,165680632.5,165759648.5,164511675.0,167372703.0,949369.3347829916,0.5727385062493008,165903889.0,165845701.6,165329383;164511675;165457376;167372703;165903889;165982865
2026-08-01,BenchmarkDiffAndReload_MixedMode_500flat_500hier_NoChange,30686527891,101,6bd778b67838,6,True,127577277.0,127466945.66666667,126856373.0,127966681.0,499043.4046816636,0.391508090251641,127325627.0,127381423.8,127894555;126929511;127325627;127828927;126856373;127966681
2026-08-02,BenchmarkDiffAndReload_MixedMode_500flat_500hier_NoChange,30734783622,102,b57ea62c0133,6,True,170368608.0,170783371.5,169673641.0,173897675.0,1569518.8454153393,0.9190115124383403,170214358.0,170835474.2,170522858;169673641;169805625;173897675;170586072;170214358
2026-08-03,BenchmarkDiffAndReload_MixedMode_500flat_500hier_NoChange,30789482964,103,41368040dd24,6,True,161908027.5,161091159.83333334,157713526.0,163227642.0,2346133.3119578194,1.4564010305625426,161911638.0,161580687.2,158643523;157713526;163146213;161911638;163227642;161904417
2026-08-04,BenchmarkDiffAndReload_MixedMode_500flat_500hier_NoChange,30881460004,104,90e6e2f3fd9e,6,True,167804856.0,167988208.83333334,166269652.0,170444613.0,1495083.7011136757,0.8899932391070361,167424137.0,167496928.0,170444613;168741524;168185575;166863752;166269652;167424137
2026-08-05,BenchmarkDiffAndReload_MixedMode_500flat_500hier_NoChange,30978778938,105,7413b57e0e82,6,True,163879924.0,163862171.5,162986141.0,164853142.0,714689.1792897804,0.436152635319971,163752865.0,163753910.2,164403478;162986141;164006983;163752865;164853142;163170420
2026-08-06,BenchmarkDiffAndReload_MixedMode_500flat_500hier_NoChange,31074843308,106,b115e1519df6,6,True,169312743.5,169286515.5,167932430.0,170531530.0,1016266.7363923214,0.6003235008947427,169646922.0,169457152.2,168433332;169646922;167932430;170531530;170196314;168978565
2026-08-07,BenchmarkDiffAndReload_MixedMode_500flat_500hier_NoChange,31148621511,107,f85bfc3ea8b8,6,True,164475023.5,164324449.5,162897400.0,165205774.0,775159.244756005,0.4717248389479649,164433942.0,164148184.6,165205774;164516105;164209539;164683937;164433942;162897400
2026-08-08,BenchmarkDiffAndReload_MixedMode_500flat_500hier_NoChange,31238698860,108,f85bfc3ea8b8,6,True,166377463.0,166523631.83333334,165775630.0,167266592.0,574023.3738479355,0.3447098574107799,166469315.0,166673232.2,165775630;166285611;166207458;166469315;167137185;167266592
2026-08-09,BenchmarkDiffAndReload_MixedMode_500flat_500hier_NoChange,31294075244,109,257b30dba613,6,True,167942027.0,167806643.33333334,166724592.0,168565645.0,652456.8257139063,0.38881465760438183,168093370.0,167878583.4,167446943;168565645;168218626;167790684;168093370;166724592
2026-08-10,BenchmarkDiffAndReload_MixedMode_500flat_500hier_NoChange,31355369237,110,9281424d94ee,6,True,172877293.0,172788413.16666666,170905945.0,174330053.0,1681144.830129447,0.9729499792951185,171471698.0,172481231.4,174324322;170905945;171415573;174282888;171471698;174330053
2026-08-11,BenchmarkDiffAndReload_MixedMode_500flat_500hier_NoChange,31457798282,111,b016f77eed8b,6,True,175931152.0,176386529.5,175189360.0,178405416.0,1187773.456622053,0.6733923843215324,175985598.0,176488494.2,175876706;178405416;177179474;175189360;175682623;175985598
2026-08-12,BenchmarkDiffAndReload_MixedMode_500flat_500hier_NoChange,31564103354,112,2e61b20a7f94,6,True,167186702.5,166937828.33333334,165671968.0,167838322.0,860265.4441932831,0.5153208549446007,167416831.0,167191000.4,165671968;166147609;166956574;167838322;167595666;167416831
2026-08-13,BenchmarkDiffAndReload_MixedMode_500flat_500hier_NoChange,31668058000,113,72fdaf56f88e,6,True,170879670.5,170830299.33333334,170085949.0,171716208.0,640943.1393309914,0.3751928913268181,171065526.0,170979169.4,170085949;171263465;171065526;171716208;170693815;170156833
2026-07-15,BenchmarkFullDirLoad_1000,29391343044,84,b2e12fd539a9,6,True,187020860.0,186753396.0,185468939.0,187429571.0,773928.8552863242,0.4144121991154175,186767045.0,186618161.0,187429571;185468939;187343778;187274675;186767045;186236368
2026-07-16,BenchmarkFullDirLoad_1000,29474168829,85,1b56e4766171,6,True,158357735.5,158468919.33333334,156328328.0,161750034.0,1888571.541815842,1.1917614821637696,158396155.0,158498840.0,158319316;159018922;156328328;161750034;158396155;157000761
2026-07-17,BenchmarkFullDirLoad_1000,29557674838,86,ebbf8136e377,6,True,185832895.5,186339429.0,185346938.0,188143910.0,1139267.1081469876,0.6113934738669762,185649828.0,185978532.8,188143910;187347729;185532206;186015963;185649828;185346938
2026-07-18,BenchmarkFullDirLoad_1000,29632027547,87,32f28b3bc13b,6,True,188532552.0,189042637.33333334,187797568.0,191794452.0,1487144.8995939388,0.7866716845320455,188786030.0,189244138.8,188035130;188786030;188279074;187797568;191794452;189563570
2026-07-19,BenchmarkFullDirLoad_1000,29675300289,88,ba07b7d9cc7c,6,True,155403925.0,155424596.16666666,155057271.0,155717798.0,253252.0098221664,0.1629420413938836,155339642.0,155415873.8,155468208;155057271;155277387;155339642;155717798;155687271
2026-07-20,BenchmarkFullDirLoad_1000,29720864620,89,4ecc0bdee32c,6,True,180528319.0,180600112.66666666,179601072.0,181787673.0,720098.0005401117,0.39872511146723116,180415251.0,180591857.8,180641387;181787673;180415251;180306135;179601072;180849158
2026-07-21,BenchmarkFullDirLoad_1000,29804773784,90,c4be2b8fc37b,6,True,187118023.0,187641519.66666666,186931455.0,189783629.0,1097379.994327155,0.5848279188297886,187066853.0,187735985.0,187169193;187066853;189783629;187061100;187836888;186931455
2026-07-22,BenchmarkFullDirLoad_1000,29894506183,91,7f8dd633fef2,6,True,188414670.0,188119602.5,186175142.0,189642160.0,1468988.4013329376,0.7808800262231778,188030327.0,187815091.0,189642160;189485798;186175142;188799013;186585175;188030327
2026-07-23,BenchmarkFullDirLoad_1000,29983092381,92,7f8dd633fef2,6,True,205144410.0,205128387.16666666,204650167.0,205455752.0,312796.48859372875,0.1524881528657376,204984822.0,205062914.2,205455752;204650167;204970033;205303998;205405551;204984822
2026-07-24,BenchmarkFullDirLoad_1000,30070185243,93,fc45276a5875,6,True,184468865.0,185430406.33333334,183254779.0,191411761.0,3009579.5766759627,1.6230237727386971,184924340.0,185865531.8,183254779;184013390;183880120;191411761;184924340;185098048
2026-07-25,BenchmarkFullDirLoad_1000,30146064925,94,ad341574f17c,6,True,135607934.0,135598954.66666666,134897124.0,136230219.0,464224.2881162797,0.34235093423651347,135526737.0,135472701.8,136230219;135526737;134897124;135689131;135918285;135332232
2026-07-26,BenchmarkFullDirLoad_1000,30190111835,95,77bd8c285826,6,True,185045602.0,184725176.66666666,183467213.0,185444474.0,758858.6185778393,0.41080411033910463,184978473.0,184629575.2,185203184;185112731;185444474;184144985;184978473;183467213
2026-07-27,BenchmarkFullDirLoad_1000,30242446630,96,e9a7d92b5748,6,True,142293407.0,142864040.0,141793336.0,145140391.0,1293419.869744392,0.9053501985134903,142152423.0,142706562.0,143651430;142434391;142012269;141793336;145140391;142152423
2026-07-28,BenchmarkFullDirLoad_1000,30332309478,97,ebb934f0a1f5,6,True,157784227.0,157828852.83333334,156836875.0,159002686.0,777853.4285229876,0.4928461523726576,157549307.0,157733736.0,158304437;157549307;156836875;157260665;159002686;158019147
2026-07-29,BenchmarkFullDirLoad_1000,30425942883,98,9ed59fa5e798,6,True,190537330.5,190755163.83333334,189227366.0,193537670.0,1603727.521774122,0.8407256136852637,190298463.0,190625466.0,191403653;193537670;189287633;189227366;190298463;190776198
2026-07-30,BenchmarkFullDirLoad_1000,30516919622,99,c66889742b5b,6,True,183403247.5,183408656.66666666,182922366.0,183935955.0,443075.4811242286,0.24157828162358203,183235464.0,183321095.2,183846464;183235464;182940660;183935955;183571031;182922366
2026-07-31,BenchmarkFullDirLoad_1000,30608283570,100,aa4992f30ef1,6,True,185706195.0,185364224.0,184413884.0,185957943.0,707191.832032865,0.38151473718729295,185580936.0,185270778.0,185831454;185957943;185580936;184413884;184520080;185881047
2026-08-01,BenchmarkFullDirLoad_1000,30686527891,101,6bd778b67838,6,True,138280472.5,138240078.66666666,137987802.0,138493899.0,182014.31691234256,0.13166537423002136,138311288.0,138238163.0,138249657;138319383;138311288;138493899;138078443;137987802
2026-08-02,BenchmarkFullDirLoad_1000,30734783622,102,b57ea62c0133,6,True,187356607.5,187341058.66666666,185975001.0,188279634.0,869587.6618229278,0.46417356024990386,187744907.0,187415725.0,186967727;188279634;188110775;187744907;185975001;186968308
2026-08-03,BenchmarkFullDirLoad_1000,30789482964,103,41368040dd24,6,True,183658250.0,183985500.66666666,182876849.0,185367243.0,1104595.239603841,0.6003708094395314,183413610.0,183721275.0,185306629;183045783;182876849;185367243;183902890;183413610
2026-08-04,BenchmarkFullDirLoad_1000,30881460004,104,90e6e2f3fd9e,6,True,187263446.5,188106455.33333334,186146288.0,193801924.0,2861101.6226176703,1.5210012955417538,187064280.0,186967361.6,193801924;187064280;186357780;187805847;186146288;187462613
2026-08-05,BenchmarkFullDirLoad_1000,30978778938,105,7413b57e0e82,6,True,183544859.0,183583886.83333334,183405432.0,183948690.0,193800.34127154335,0.10556500606585643,183511176.0,183584955.8,183578542;183948690;183453300;183511176;183405432;183606181
2026-08-06,BenchmarkFullDirLoad_1000,31074843308,106,b115e1519df6,6,True,187417197.0,187535501.66666666,186894928.0,188425789.0,626539.7729816254,0.3340912880033046,187733119.0,187663616.4,186894928;188044761;187013138;187733119;187101275;188425789
2026-08-07,BenchmarkFullDirLoad_1000,31148621511,107,f85bfc3ea8b8,6,True,188984121.0,188053014.33333334,184926568.0,190483780.0,2360857.2390683573,1.255421109540749,189069809.0,188678303.6,184926568;185261135;188898433;190483780;189678361;189069809
2026-08-08,BenchmarkFullDirLoad_1000,31238698860,108,f85bfc3ea8b8,6,True,180813524.0,180975183.66666666,180096716.0,181875606.0,673502.927396954,0.37215208944750183,180817367.0,181053477.6,180583714;180809681;181875606;180817367;181668018;180096716
2026-08-09,BenchmarkFullDirLoad_1000,31294075244,109,257b30dba613,6,True,185774687.5,186011309.0,185430240.0,187109562.0,671554.7208053861,0.36102897421435065,186029518.0,186109599.4,185519857;185505445;186029518;187109562;185430240;186473232
2026-08-10,BenchmarkFullDirLoad_1000,31355369237,110,9281424d94ee,6,True,183531996.5,184042775.16666666,181812416.0,187901273.0,2315009.238575381,1.2578647743596238,183046880.0,183764098.8,185436157;187901273;183046880;184017113;182042812;181812416
2026-08-11,BenchmarkFullDirLoad_1000,31457798282,111,b016f77eed8b,6,True,180005514.5,180242142.5,178557838.0,183196690.0,1678288.3254277555,0.9311298135660786,179661628.0,180220690.8,180349401;179661628;178557838;183196690;180805660;178881638
2026-08-12,BenchmarkFullDirLoad_1000,31564103354,112,2e61b20a7f94,6,True,183275129.0,183227958.33333334,182011084.0,184133795.0,712611.9349636706,0.38892096023209916,183436581.0,183471333.2,182011084;184133795;183617103;183113677;183436581;183055510
2026-08-13,BenchmarkFullDirLoad_1000,31668058000,113,72fdaf56f88e,6,True,192616975.5,192870853.5,190639586.0,195887993.0,1873877.7137852672,0.9715712248793813,192416435.0,192267425.6,195887993;192817516;194002108;192416435;191461483;190639586
2026-07-15,BenchmarkFullDirLoad_Hierarchical_1000,29391343044,84,b2e12fd539a9,6,True,213993963.5,214804955.5,212873659.0,220041513.0,2631262.396571786,1.2249542336893555,214112554.0,215191214.8,212873659;213875373;220041513;214557461;214112554;213369173
2026-07-16,BenchmarkFullDirLoad_Hierarchical_1000,29474168829,85,1b56e4766171,6,True,173052490.5,172948084.66666666,169454547.0,175628621.0,2749016.5938513116,1.5895039249203935,174995712.0,173315847.8,171109269;170943793;169454547;174995712;175628621;175556566
2026-07-17,BenchmarkFullDirLoad_Hierarchical_1000,29557674838,86,ebbf8136e377,6,True,212748210.0,212806037.83333334,212461419.0,213500014.0,393934.9302397119,0.1851145457387051,212609458.0,212789853.0,212886962;213500014;212916187;212461419;212462187;212609458
2026-07-18,BenchmarkFullDirLoad_Hierarchical_1000,29632027547,87,32f28b3bc13b,6,True,214327911.0,214345657.16666666,213724858.0,215151807.0,572200.2372992925,0.26695210197534924,214553802.0,214469817.0,213724858;215151807;214764633;214553802;214102020;213776823
2026-07-19,BenchmarkFullDirLoad_Hierarchical_1000,29675300289,88,ba07b7d9cc7c,6,True,166800665.0,167009140.33333334,166428120.0,167661899.0,497360.6644010628,0.2978044575335106,166808773.0,167125344.4,166428120;166792557;167585800;167661899;166808773;166777693
2026-07-20,BenchmarkFullDirLoad_Hierarchical_1000,29720864620,89,4ecc0bdee32c,6,True,204565257.5,205001992.83333334,204391852.0,206643090.0,873527.5395236069,0.42610685264595693,204599724.0,205124021.0,204391852;205343683;206643090;204530791;204502817;204599724
2026-07-21,BenchmarkFullDirLoad_Hierarchical_1000,29804773784,90,c4be2b8fc37b,6,True,209802322.0,209609986.16666666,208784332.0,210091352.0,498229.5797250166,0.23769362750153544,209901958.0,209591446.2,209702686;209248408;209901958;210091352;208784332;209931181
2026-07-22,BenchmarkFullDirLoad_Hierarchical_1000,29894506183,91,7f8dd633fef2,6,True,210870327.0,211248137.16666666,210678330.0,213068635.0,913944.4987143184,0.43264026418053164,210900992.0,211348175.6,210747945;210839662;211253259;210900992;210678330;213068635
2026-07-23,BenchmarkFullDirLoad_Hierarchical_1000,29983092381,92,7f8dd633fef2,6,True,232018598.5,232053716.16666666,230600112.0,233463657.0,945018.4508038807,0.40724124845522636,232174162.0,232344437.0,230600112;231863035;233463657;231718844;232502487;232174162
2026-07-24,BenchmarkFullDirLoad_Hierarchical_1000,30070185243,93,fc45276a5875,6,True,209485528.0,209537962.66666666,208359789.0,210757471.0,800481.4306165176,0.3820221502725617,209289218.0,209509187.6,209681838;209289218;210757471;209220469;209918991;208359789
2026-07-25,BenchmarkFullDirLoad_Hierarchical_1000,30146064925,94,ad341574f17c,6,True,156658515.5,156758845.5,156247193.0,157700878.0,494656.1790548057,0.3155523233646204,156635418.0,156758741.4,156759366;156681613;156635418;156528605;156247193;157700878
2026-07-26,BenchmarkFullDirLoad_Hierarchical_1000,30190111835,95,77bd8c285826,6,True,208731421.5,208553512.0,206746337.0,209651450.0,999424.196328466,0.4792171499506879,208675143.0,208429761.6,209172264;208675143;209651450;206746337;208288178;208787700
2026-07-27,BenchmarkFullDirLoad_Hierarchical_1000,30242446630,96,e9a7d92b5748,6,True,155712411.0,155282847.0,151015471.0,157735189.0,2521360.7448643283,1.6237213533728736,156007732.0,155255998.4,155417090;156007732;157735189;157572079;153949521;151015471
2026-07-28,BenchmarkFullDirLoad_Hierarchical_1000,30332309478,97,ebb934f0a1f5,6,True,170940598.0,170844544.0,169277027.0,172643297.0,1314729.5633603132,0.7695472928654445,170560596.0,170484793.4,172643297;171320600;171762713;170560596;169277027;169503031
2026-07-29,BenchmarkFullDirLoad_Hierarchical_1000,30425942883,98,9ed59fa5e798,6,True,214698144.5,215118510.33333334,213918978.0,217917812.0,1445848.9566455642,0.6721174084020817,214518400.0,215166634.6,214877889;214518400;217917812;214253539;215224444;213918978
2026-07-30,BenchmarkFullDirLoad_Hierarchical_1000,30516919622,99,c66889742b5b,6,True,208452474.0,209931397.5,208098305.0,214301915.0,2649249.4771871334,1.2619596252566905,208690788.0,210290717.2,208134799;208690788;214301915;212148418;208214160;208098305
2026-07-31,BenchmarkFullDirLoad_Hierarchical_1000,30608283570,100,aa4992f30ef1,6,True,216565506.0,215678301.33333334,212906592.0,217762263.0,2192042.410504748,1.016348143022937,216541775.0,215496114.2,216589237;217352421;216541775;217762263;212906592;212917520
2026-08-01,BenchmarkFullDirLoad_Hierarchical_1000,30686527891,101,6bd778b67838,6,True,160764615.5,160882392.0,160668787.0,161459551.0,302394.5514707565,0.18796000464162446,160693312.0,160869748.2,160945611;161459551;160691172;160693312;160668787;160835919
2026-08-02,BenchmarkFullDirLoad_Hierarchical_1000,30734783622,102,b57ea62c0133,6,True,215689436.0,215862696.33333334,215234258.0,217141964.0,718890.7361855949,0.3330314817690825,215725314.0,215987323.2,215239562;217141964;215725314;216181522;215653558;215234258
2026-08-03,BenchmarkFullDirLoad_Hierarchical_1000,30789482964,103,41368040dd24,6,True,210420084.5,209684038.33333334,206018154.0,211113989.0,1940347.603820786,0.9253673380404035,210227629.0,209498338.0,210612540;211038570;210227629;211113989;209093348;206018154
2026-08-04,BenchmarkFullDirLoad_Hierarchical_1000,30881460004,104,90e6e2f3fd9e,6,True,211946844.0,211839833.33333334,210092250.0,213415745.0,1137387.4940439018,0.536909171493826,211726025.0,211524651.0,213415745;210092250;211182504;211726025;212454813;212167663
2026-08-05,BenchmarkFullDirLoad_Hierarchical_1000,30978778938,105,7413b57e0e82,6,True,209435622.0,209425535.16666666,208715502.0,209941693.0,497059.2990158887,0.23734417038510378,209154682.0,209322303.6,209941693;208715502;209894243;209130529;209716562;209154682
2026-08-06,BenchmarkFullDirLoad_Hierarchical_1000,31074843308,106,b115e1519df6,6,True,217146287.0,217367724.0,215523418.0,220100362.0,1693374.04175817,0.7790365609929144,217969517.0,217576657.4,216323057;217969517;215523418;220100362;218123796;216166194
2026-08-07,BenchmarkFullDirLoad_Hierarchical_1000,31148621511,107,f85bfc3ea8b8,6,True,212351448.0,211589070.0,208753467.0,214243556.0,2164364.1895607123,1.0229092597083167,212500393.0,211466383.4,212202503;212681610;214243556;212500393;209152891;208753467
2026-08-08,BenchmarkFullDirLoad_Hierarchical_1000,31238698860,108,f85bfc3ea8b8,6,True,211649292.0,211838706.16666666,210696306.0,213214614.0,831041.9021285068,0.39229936642205254,211652857.0,211882930.0,211617587;213214614;210696306;212205146;211652857;211645727
2026-08-09,BenchmarkFullDirLoad_Hierarchical_1000,31294075244,109,257b30dba613,6,True,209350839.0,209428814.83333334,208736920.0,210276428.0,513291.82330694364,0.24509130881317795,209290816.0,209432405.4,209410862;209653442;210276428;208736920;209290816;209204421
2026-08-10,BenchmarkFullDirLoad_Hierarchical_1000,31355369237,110,9281424d94ee,6,True,213186025.5,213717804.0,210720888.0,216473493.0,2228401.005016826,1.0426838397688318,212926158.0,213166666.2,216473493;216200723;212539669;213445893;212926158;210720888
2026-08-11,BenchmarkFullDirLoad_Hierarchical_1000,31457798282,111,b016f77eed8b,6,True,212282080.5,212258860.66666666,210636364.0,214773500.0,1487897.011626768,0.7009822850049948,212026875.0,212203175.6,212537286;214773500;210911653;210636364;212667486;212026875
2026-08-12,BenchmarkFullDirLoad_Hierarchical_1000,31564103354,112,2e61b20a7f94,6,True,210117409.0,210115515.66666666,209554945.0,210840158.0,459142.9673344313,0.2185193063337736,210054909.0,210102637.0,210179909;210342076;210840158;210054909;209554945;209721097
2026-08-13,BenchmarkFullDirLoad_Hierarchical_1000,31668058000,113,72fdaf56f88e,6,True,218277535.5,217941789.5,216408375.0,219533090.0,1246690.004519287,0.5720288923842607,218223263.0,217796084.0,218670317;216483884;216408375;219533090;218331808;218223263
2026-07-15,BenchmarkFullDirLoad_MixedMode_100flat_900hier,29391343044,84,b2e12fd539a9,6,True,135986214.0,136285863.0,134684839.0,139419704.0,1723393.6138175747,1.2645432005061117,135985800.0,135659094.8,139419704;134857105;135985800;135986628;136781102;134684839
2026-07-16,BenchmarkFullDirLoad_MixedMode_100flat_900hier,29474168829,85,1b56e4766171,6,True,107656992.5,108064419.83333333,106076660.0,110875684.0,1801237.4820478745,1.666818259724991,107517051.0,107502167.0,110875684;109473723;107796934;106646467;107517051;106076660
2026-07-17,BenchmarkFullDirLoad_MixedMode_100flat_900hier,29557674838,86,ebbf8136e377,6,True,132315675.0,132191005.5,131434354.0,132860893.0,523023.64476904867,0.395657512998529,132365157.0,132175968.0,132266193;131724166;132365157;132860893;131434354;132495270
2026-07-18,BenchmarkFullDirLoad_MixedMode_100flat_900hier,29632027547,87,32f28b3bc13b,6,True,135698455.0,135677321.66666666,135319546.0,135993346.0,275624.9508514544,0.2031473996285189,135674260.0,135622618.0,135950840;135674260;135993346;135403288;135319546;135722650
2026-07-19,BenchmarkFullDirLoad_MixedMode_100flat_900hier,29675300289,88,ba07b7d9cc7c,6,True,104442863.5,104497808.66666667,104175253.0,105049053.0,318222.12586095685,0.3045251665286501,104323731.0,104475944.0,104607132;105049053;104269687;104175253;104323731;104561996
2026-07-20,BenchmarkFullDirLoad_MixedMode_100flat_900hier,29720864620,89,4ecc0bdee32c,6,True,128666848.5,128734501.16666667,128281894.0,129361085.0,374937.35210000974,0.2912485376508318,128603908.0,128609184.4,129361085;128729789;128505875;128603908;128281894;128924456
2026-07-21,BenchmarkFullDirLoad_MixedMode_100flat_900hier,29804773784,90,c4be2b8fc37b,6,True,132984325.0,133097296.83333333,132238213.0,134145481.0,736885.4744662611,0.5536442076573512,132799269.0,133082880.0,133169381;133741654;134145481;132799269;132238213;132489783
2026-07-22,BenchmarkFullDirLoad_MixedMode_100flat_900hier,29894506183,91,7f8dd633fef2,6,True,135224150.5,135335987.66666666,134113403.0,137105678.0,1113266.4584850594,0.8225945498155607,135627278.0,135521167.4,134410089;134113403;134821023;135938455;137105678;135627278
2026-07-23,BenchmarkFullDirLoad_MixedMode_100flat_900hier,29983092381,92,7f8dd633fef2,6,True,150079870.5,149714054.0,148221958.0,150475270.0,920821.7853793425,0.6150536711665977,150393908.0,150012473.2,148221958;150393908;150475270;149765833;149017660;150409695
2026-07-24,BenchmarkFullDirLoad_MixedMode_100flat_900hier,30070185243,93,fc45276a5875,6,True,133413401.0,133508789.16666667,132928838.0,134133096.0,514081.9438787621,0.3850547571343817,133574933.0,133595556.8,133074951;132928838;133251869;134089048;133574933;134133096
2026-07-25,BenchmarkFullDirLoad_MixedMode_100flat_900hier,30146064925,94,ad341574f17c,6,True,98201525.5,98300357.16666667,97826275.0,99018290.0,480218.94074408046,0.48852207111503876,98335149.0,98395173.6,97826275;97855033;98335149;99018290;98699494;98067902
2026-07-26,BenchmarkFullDirLoad_MixedMode_100flat_900hier,30190111835,95,77bd8c285826,6,True,131058132.0,131103258.66666667,130675298.0,131532477.0,321658.33112460596,0.2453473196592545,131184497.0,131188850.8,130675298;130913265;130931767;131184497;131532477;131382248
2026-07-27,BenchmarkFullDirLoad_MixedMode_100flat_900hier,30242446630,96,e9a7d92b5748,6,True,93098993.5,92957314.66666667,90680051.0,94579616.0,1294012.0950880894,1.3920497808357044,93279063.0,93412767.4,90680051;92706938;92918924;94579616;93579296;93279063
2026-07-28,BenchmarkFullDirLoad_MixedMode_100flat_900hier,30332309478,97,ebb934f0a1f5,6,True,106787405.5,106896361.16666667,106305099.0,107779536.0,558657.3839946686,0.5226159037571373,106579152.0,106824051.6,107257909;106460812;106995659;106579152;106305099;107779536
2026-07-29,BenchmarkFullDirLoad_MixedMode_100flat_900hier,30425942883,98,9ed59fa5e798,6,True,135485684.5,135885045.16666666,134905886.0,138349937.0,1303215.943867388,0.9590576669190923,135912182.0,136057538.8,135022577;135059187;136060502;138349937;135912182;134905886
2026-07-30,BenchmarkFullDirLoad_MixedMode_100flat_900hier,30516919622,99,c66889742b5b,6,True,131819121.0,131837800.16666667,130649812.0,133272559.0,975315.6974925435,0.7397845657767114,131490553.0,131713978.4,132456909;131009279;130649812;131490553;133272559;132147689
2026-07-31,BenchmarkFullDirLoad_MixedMode_100flat_900hier,30608283570,100,aa4992f30ef1,6,True,132628879.5,132673600.0,132345409.0,133204386.0,332564.78137589974,0.25066387086496467,132739940.0,132739238.2,132345409;132363564;132870482;132517819;132739940;133204386
2026-08-01,BenchmarkFullDirLoad_MixedMode_100flat_900hier,30686527891,101,6bd778b67838,6,True,100968203.0,100921940.66666667,100567371.0,101203554.0,209025.33090959734,0.2071158457009695,100977209.0,100992854.6,100567371;100978482;100845831;101203554;100959197;100977209
2026-08-02,BenchmarkFullDirLoad_MixedMode_100flat_900hier,30734783622,102,b57ea62c0133,6,True,136021730.0,136203999.5,135650968.0,137043324.0,581847.5267286955,0.4271882829172689,135761005.0,136036134.6,137043324;136731468;135754777;135761005;136282455;135650968
2026-08-03,BenchmarkFullDirLoad_MixedMode_100flat_900hier,30789482964,103,41368040dd24,6,True,130712573.5,130991227.83333333,130465312.0,132540950.0,784222.6258575856,0.5986833155388017,130712655.0,131046975.0,130712492;130712655;130500401;130465312;131015557;132540950
2026-08-04,BenchmarkFullDirLoad_MixedMode_100flat_900hier,30881460004,104,90e6e2f3fd9e,6,True,133154220.0,133392979.0,132618601.0,134538272.0,814744.4428042452,0.6107851019687065,133524297.0,133524732.0,132734214;134538272;132618601;132784143;134158347;133524297
2026-08-05,BenchmarkFullDirLoad_MixedMode_100flat_900hier,30978778938,105,7413b57e0e82,6,True,131705922.5,131688714.0,131387918.0,132028638.0,272995.1408981486,0.20730336913924804,131831662.0,131747388.6,131395341;131387918;131908542;132028638;131831662;131580183
2026-08-06,BenchmarkFullDirLoad_MixedMode_100flat_900hier,31074843308,106,b115e1519df6,6,True,134855095.5,135174344.16666666,134336283.0,136879631.0,999867.5999986031,0.7396874060404471,134554651.0,134833286.8,136879631;134336283;135155540;135759192;134554651;134360768
2026-08-07,BenchmarkFullDirLoad_MixedMode_100flat_900hier,31148621511,107,f85bfc3ea8b8,6,True,132116076.0,132062920.16666667,131651043.0,132580942.0,357326.5898185673,0.27057298851760386,132191442.0,132140883.0,131673106;131651043;132040710;132580942;132191442;132240278
2026-08-08,BenchmarkFullDirLoad_MixedMode_100flat_900hier,31238698860,108,f85bfc3ea8b8,6,True,131575727.0,131552799.16666667,131205454.0,131905807.0,283602.71574116964,0.21558090556618878,131445364.0,131522141.0,131706090;131281559;131445364;131772521;131905807;131205454
2026-08-09,BenchmarkFullDirLoad_MixedMode_100flat_900hier,31294075244,109,257b30dba613,6,True,133972014.5,133995116.66666667,133589656.0,134701016.0,405860.1350720056,0.3028917360336681,133881107.0,133853936.8,134701016;134062922;133632408;133881107;133589656;134103591
2026-08-10,BenchmarkFullDirLoad_MixedMode_100flat_900hier,31355369237,110,9281424d94ee,6,True,135202034.5,135735078.0,133958625.0,138622018.0,1828420.198225233,1.3470506115045906,135376741.0,136042671.2,134197112;133958625;135027328;135376741;138622018;137228644
2026-08-11,BenchmarkFullDirLoad_MixedMode_100flat_900hier,31457798282,111,b016f77eed8b,6,True,137819565.5,137661969.16666666,136364388.0,138444884.0,754369.4288425046,0.5479868066751198,137530862.0,137562974.2,138156944;138108269;137366468;136364388;138444884;137530862
2026-08-12,BenchmarkFullDirLoad_MixedMode_100flat_900hier,31564103354,112,2e61b20a7f94,6,True,132141683.5,132290996.66666667,131748303.0,133354700.0,574703.027217942,0.43442338609483755,132081099.0,132258686.0,132452550;132081099;133354700;131907060;132202268;131748303
2026-08-13,BenchmarkFullDirLoad_MixedMode_100flat_900hier,31668058000,113,72fdaf56f88e,6,True,133694136.0,134088327.33333333,133235142.0,135816987.0,1007816.699652207,0.7516065862667163,133704143.0,134241778.8,133321070;134768493;133684129;133704143;135816987;133235142
2026-07-15,BenchmarkFullDirLoad_MixedMode_500flat_500hier,29391343044,84,b2e12fd539a9,6,True,141267119.0,141040134.16666666,140039905.0,141915686.0,777480.245495258,0.551247522621123,141366811.0,141219909.6,140141257;141366811;141609719;141167427;141915686;140039905
2026-07-16,BenchmarkFullDirLoad_MixedMode_500flat_500hier,29474168829,85,1b56e4766171,6,True,111432841.0,111951275.33333333,110716613.0,113837446.0,1242078.5065815554,1.1094813372007457,111627818.0,112109916.0,111158072;111237864;110716613;113129839;111627818;113837446
2026-07-17,BenchmarkFullDirLoad_MixedMode_500flat_500hier,29557674838,86,ebbf8136e377,6,True,137188123.5,137207756.0,136805631.0,137556406.0,298522.60918731097,0.2175697773144187,137122993.0,137143936.2,137526855;137122993;136981397;137556406;137253254;136805631
2026-07-18,BenchmarkFullDirLoad_MixedMode_500flat_500hier,29632027547,87,32f28b3bc13b,6,True,140754683.5,141161496.16666666,139702613.0,143765400.0,1381934.4108145533,0.9789740462816644,140831505.0,141258223.0,140677862;140831505;140647696;143765400;141343901;139702613
2026-07-19,BenchmarkFullDirLoad_MixedMode_500flat_500hier,29675300289,88,ba07b7d9cc7c,6,True,110578474.0,110487910.16666667,109700431.0,111168819.0,577170.4709669118,0.5223833721682968,110829595.0,110520021.6,110327353;110829595;109983426;111168819;109700431;110917837
2026-07-20,BenchmarkFullDirLoad_MixedMode_500flat_500hier,29720864620,89,4ecc0bdee32c,6,True,133365162.5,133368597.83333333,133032392.0,133660384.0,205544.420374202,0.1541175536921102,133360609.0,133348179.2,133470691;133317795;133369716;133360609;133032392;133660384
2026-07-21,BenchmarkFullDirLoad_MixedMode_500flat_500hier,29804773784,90,c4be2b8fc37b,6,True,137673436.5,137719909.83333334,137442840.0,138322029.0,317648.4518844168,0.23064817009307545,137699041.0,137768662.6,137476146;137731571;138322029;137699041;137442840;137647832
2026-07-22,BenchmarkFullDirLoad_MixedMode_500flat_500hier,29894506183,91,7f8dd633fef2,6,True,138261261.5,138171291.16666666,137469063.0,138984043.0,606027.0112961688,0.4386055932307671,138327778.0,138311736.8,137469063;138984043;138194745;138580780;137471338;138327778
2026-07-23,BenchmarkFullDirLoad_MixedMode_500flat_500hier,29983092381,92,7f8dd633fef2,6,True,155786953.5,155831637.0,155581431.0,156316392.0,269144.48929599137,0.17271492135835764,155707906.0,155824764.2,155866001;156316392;155896112;155707906;155621980;155581431
2026-07-24,BenchmarkFullDirLoad_MixedMode_500flat_500hier,30070185243,93,fc45276a5875,6,True,138918021.5,138852888.33333334,137765159.0,139777548.0,667757.866712678,0.48091031791117195,139055217.0,139070434.2,137765159;139055217;139138255;139777548;138600325;138780826
2026-07-25,BenchmarkFullDirLoad_MixedMode_500flat_500hier,30146064925,94,ad341574f17c,6,True,102330154.0,102323463.33333333,101855748.0,102846993.0,446511.1319354386,0.4363721842378074,102594438.0,102374982.0,102065870;102594438;101855748;102714215;101863516;102846993
2026-07-26,BenchmarkFullDirLoad_MixedMode_500flat_500hier,30190111835,95,77bd8c285826,6,True,139465644.0,139423779.33333334,138069741.0,140743216.0,1319177.7762631793,0.9461641210494651,140388355.0,139694587.0,138069741;138091677;138542933;140743216;140706754;140388355
2026-07-27,BenchmarkFullDirLoad_MixedMode_500flat_500hier,30242446630,96,e9a7d92b5748,6,True,100300938.5,100351739.5,98370985.0,102631768.0,1355427.9469886622,1.3506770821732117,100241788.0,100346086.2,100380006;98370985;102631768;100241788;100125801;100360089
2026-07-28,BenchmarkFullDirLoad_MixedMode_500flat_500hier,30332309478,97,ebb934f0a1f5,6,True,114437909.0,114349185.5,113158377.0,115202582.0,834144.6730515637,0.7294714600757376,114070544.0,114178506.2,115202582;114805274;115148273;114070544;113158377;113710063
2026-07-29,BenchmarkFullDirLoad_MixedMode_500flat_500hier,30425942883,98,9ed59fa5e798,6,True,142461950.5,142347561.0,141004393.0,143160137.0,805668.2190864922,0.5659866691263451,142116463.0,142185045.8,143160137;141004393;142807438;142013345;142983590;142116463
2026-07-30,BenchmarkFullDirLoad_MixedMode_500flat_500hier,30516919622,99,c66889742b5b,6,True,136677044.0,136740822.5,136313253.0,137200185.0,330484.3885794002,0.24168670521153274,136554994.0,136684393.8,137022966;136799094;136313253;137200185;136554994;136554443
2026-07-31,BenchmarkFullDirLoad_MixedMode_500flat_500hier,30608283570,100,aa4992f30ef1,6,True,137153492.0,137127265.16666666,136805233.0,137398419.0,215318.1405208736,0.1570206627100544,137189008.0,137191671.6,136805233;136967291;137117976;137285664;137398419;137189008
2026-08-01,BenchmarkFullDirLoad_MixedMode_500flat_500hier,30686527891,101,6bd778b67838,6,True,104988795.0,105040272.66666667,104733779.0,105468688.0,254416.56714739837,0.24220859360748268,105040542.0,105060917.6,104937048;105163691;105040542;104733779;105468688;104897888
2026-08-02,BenchmarkFullDirLoad_MixedMode_500flat_500hier,30734783622,102,b57ea62c0133,6,True,139103428.5,139497209.0,138967888.0,141211187.0,870907.9660476187,0.6243192765581558,139114415.0,139578162.4,139092442;139603039;138967888;139114415;138994283;141211187
2026-08-03,BenchmarkFullDirLoad_MixedMode_500flat_500hier,30789482964,103,41368040dd24,6,True,133968483.0,134118139.66666667,131319798.0,137830421.0,2358095.9127612826,1.7582229507671563,133623313.0,133375683.4,137830421;135501887;133623313;132119766;134313653;131319798
2026-08-04,BenchmarkFullDirLoad_MixedMode_500flat_500hier,30881460004,104,90e6e2f3fd9e,6,True,138338841.0,138248048.16666666,137748413.0,138713832.0,385769.112964953,0.2790412726115918,138309445.0,138224010.4,138368237;138713832;137821781;138309445;137748413;138526581
2026-08-05,BenchmarkFullDirLoad_MixedMode_500flat_500hier,30978778938,105,7413b57e0e82,6,True,136721059.0,137147676.16666666,136027662.0,139293478.0,1151791.4388731003,0.8398184140381664,136748099.0,137371679.0,136027662;136617628;136748099;136694019;139293478;137505171
2026-08-06,BenchmarkFullDirLoad_MixedMode_500flat_500hier,31074843308,106,b115e1519df6,6,True,143283112.0,142809670.5,139797256.0,143897868.0,1538942.2868172477,1.0776177001383445,142941164.0,142619941.4,143758316;143897868;142941164;142838359;143625060;139797256
2026-08-07,BenchmarkFullDirLoad_MixedMode_500flat_500hier,31148621511,107,f85bfc3ea8b8,6,True,138335134.0,138401204.5,136577790.0,139841151.0,1164208.8354675462,0.8411840342527845,138657914.0,138478974.6,138012354;139841151;139376154;138657914;137941864;136577790
2026-08-08,BenchmarkFullDirLoad_MixedMode_500flat_500hier,31238698860,108,f85bfc3ea8b8,6,True,137490090.0,137475125.5,136893608.0,138017156.0,441488.0906397136,0.32114034377783757,137252494.0,137366719.4,138017156;137141377;136893608;137818432;137252494;137727686
2026-08-09,BenchmarkFullDirLoad_MixedMode_500flat_500hier,31294075244,109,257b30dba613,6,True,138909541.0,138998320.33333334,138696782.0,139410718.0,281510.93441333086,0.20252829943429282,138937530.0,139058628.0,138696782;139272180;138937530;138791160;139410718;138881552
2026-08-10,BenchmarkFullDirLoad_MixedMode_500flat_500hier,31355369237,110,9281424d94ee,6,True,140672704.0,140441476.66666666,139036358.0,141592511.0,1039441.9566764979,0.7401246279570103,141145555.0,140637078.8,139463466;141211117;139036358;141592511;141145555;140199853
2026-08-11,BenchmarkFullDirLoad_MixedMode_500flat_500hier,31457798282,111,b016f77eed8b,6,True,144263985.0,143978778.66666666,142351501.0,145263216.0,1399558.1725477031,0.9720586502458802,143383209.0,143721891.2,145263216;142351501;142494611;145144761;143383209;145235374
2026-08-12,BenchmarkFullDirLoad_MixedMode_500flat_500hier,31564103354,112,2e61b20a7f94,6,True,136601862.5,136694668.66666666,136115069.0,137416032.0,505718.17347715184,0.36996188542682534,136360702.0,136550396.0,137416032;137096033;136360702;136337153;136115069;136843023
2026-08-13,BenchmarkFullDirLoad_MixedMode_500flat_500hier,31668058000,113,72fdaf56f88e,6,True,141687258.5,141621260.16666666,140177087.0,142478586.0,806988.5159305346,0.5698215896263259,141499550.0,141570518.8,141874967;142204272;141499550;142478586;141493099;140177087
2026-07-15,BenchmarkIncrementalLoad_1000_NoChange,29391343044,84,b2e12fd539a9,6,True,5714118.5,5716370.666666667,5684423.0,5749560.0,24429.568556703303,0.42736151976912806,5701914.0,5714380.2,5726323;5684423;5701442;5701914;5749560;5734562
2026-07-16,BenchmarkIncrementalLoad_1000_NoChange,29474168829,85,1b56e4766171,5,False,3530471.0,3540925.8,3517476.0,3606069.0,37112.30031539409,1.0480959616661294,3524039.5,3542906.0,3533005;3530471;3606069;3517608;3517476
2026-07-17,BenchmarkIncrementalLoad_1000_NoChange,29557674838,86,ebbf8136e377,6,True,5641405.0,5643573.833333333,5638979.0,5654984.0,5891.247352358129,0.10438859358164027,5642315.0,5644492.8,5638979;5640323;5654984;5640495;5642315;5644347
2026-07-18,BenchmarkIncrementalLoad_1000_NoChange,29632027547,87,32f28b3bc13b,6,True,5761435.5,5761935.833333333,5753874.0,5771847.0,5749.750096018666,0.09978851313747421,5761224.0,5759953.6,5771847;5753874;5761647;5761224;5762261;5760762
2026-07-19,BenchmarkIncrementalLoad_1000_NoChange,29675300289,88,ba07b7d9cc7c,6,True,3499696.5,3500922.6666666665,3477265.0,3523993.0,18075.81352710485,0.5163157044058724,3501960.0,3505654.2,3477265;3497433;3486258;3518627;3501960;3523993
2026-07-20,BenchmarkIncrementalLoad_1000_NoChange,29720864620,89,4ecc0bdee32c,6,True,5570526.5,5569875.833333333,5561908.0,5580686.0,7141.332268328275,0.12821349132399765,5570364.0,5569713.2,5570689;5573512;5580686;5562096;5570364;5561908
2026-07-21,BenchmarkIncrementalLoad_1000_NoChange,29804773784,90,c4be2b8fc37b,6,True,5733083.0,5738114.333333333,5660742.0,5842383.0,63053.7544153135,1.09885845336032,5742106.0,5740925.2,5724060;5766203;5842383;5742106;5660742;5693192
2026-07-22,BenchmarkIncrementalLoad_1000_NoChange,29894506183,91,7f8dd633fef2,6,True,5735793.0,5729584.5,5707835.0,5744607.0,15792.088066497095,0.27562361749786735,5740267.0,5729237.6,5731319;5744607;5707835;5740267;5712336;5741143
2026-07-23,BenchmarkIncrementalLoad_1000_NoChange,29983092381,92,7f8dd633fef2,6,True,6622587.5,6620960.5,6556048.0,6689001.0,47553.9580718577,0.7182335262664337,6614160.0,6618949.6,6631015;6614160;6651652;6556048;6689001;6583887
2026-07-24,BenchmarkIncrementalLoad_1000_NoChange,30070185243,93,fc45276a5875,6,True,5679894.0,5675941.666666667,5648547.0,5697795.0,18121.785934798663,0.3192736465426206,5685657.0,5681420.6,5648547;5697795;5674131;5687280;5662240;5685657
2026-07-25,BenchmarkIncrementalLoad_1000_NoChange,30146064925,94,ad341574f17c,6,True,5088999.5,5097263.333333333,5080676.0,5147118.0,24921.47465674266,0.4889187202428753,5090611.0,5100580.8,5080676;5083286;5094501;5087388;5090611;5147118
2026-07-26,BenchmarkIncrementalLoad_1000_NoChange,30190111835,95,77bd8c285826,6,True,5619395.5,5620937.0,5594556.0,5661655.0,26634.86898034229,0.47385104975099857,5630988.0,5626200.8,5594618;5594556;5607803;5661655;5636002;5630988
2026-07-27,BenchmarkIncrementalLoad_1000_NoChange,30242446630,96,e9a7d92b5748,6,True,3197977.0,3187534.5,3125874.0,3212726.0,31278.68507945946,0.9812814599954749,3198349.0,3199866.6,3125874;3198349;3187732;3212726;3202921;3197605
2026-07-28,BenchmarkIncrementalLoad_1000_NoChange,30332309478,97,ebb934f0a1f5,6,True,3571127.5,3577833.0,3530383.0,3639710.0,45885.25260255195,1.282487265407635,3583989.0,3587323.0,3530383;3532460;3622190;3639710;3583989;3558266
2026-07-29,BenchmarkIncrementalLoad_1000_NoChange,30425942883,98,9ed59fa5e798,6,True,5771158.5,5775383.333333333,5751751.0,5825476.0,27184.741217577677,0.47070020548554087,5775585.0,5779978.0,5752410;5751751;5766732;5825476;5775585;5780346
2026-07-30,BenchmarkIncrementalLoad_1000_NoChange,30516919622,99,c66889742b5b,6,True,5636119.5,5638790.166666667,5612386.0,5693287.0,29241.00685965972,0.5185688063463681,5638431.0,5639786.6,5633808;5614680;5612386;5638431;5693287;5640149
2026-07-31,BenchmarkIncrementalLoad_1000_NoChange,30608283570,100,aa4992f30ef1,6,True,5624752.0,5624699.0,5618757.0,5631498.0,4905.205031392674,0.08720831161618912,5625403.0,5625660.8,5619890;5628545;5624101;5618757;5625403;5631498
2026-08-01,BenchmarkIncrementalLoad_1000_NoChange,30686527891,101,6bd778b67838,6,True,5085395.0,5086607.0,5076775.0,5097304.0,7385.145442034301,0.14518804857608028,5083595.0,5086489.4,5087195;5097304;5092435;5076775;5083595;5082338
2026-08-02,BenchmarkIncrementalLoad_1000_NoChange,30734783622,102,b57ea62c0133,6,True,5682334.0,5677935.166666667,5656289.0,5684802.0,10893.098336408548,0.1918496428130851,5682189.0,5676689.6,5684163;5684802;5682189;5656289;5677689;5682479
2026-08-03,BenchmarkIncrementalLoad_1000_NoChange,30789482964,103,41368040dd24,6,True,5617199.5,5609256.833333333,5562093.0,5657849.0,38581.96649429195,0.6878267057592439,5617941.0,5618689.6,5562093;5616458;5657849;5617941;5564683;5636517
2026-08-04,BenchmarkIncrementalLoad_1000_NoChange,30881460004,104,90e6e2f3fd9e,6,True,5668595.5,5677415.5,5638462.0,5724410.0,38276.57274495719,0.6741900913357001,5653196.0,5668016.6,5724410;5720449;5683995;5638462;5653196;5643981
2026-08-05,BenchmarkIncrementalLoad_1000_NoChange,30978778938,105,7413b57e0e82,5,False,5617193.0,5621208.2,5608890.0,5633465.0,10064.631970419981,0.1790474860977393,5623358.0,5624287.75,5608890;5616970;5629523;5617193;5633465
2026-08-06,BenchmarkIncrementalLoad_1000_NoChange,31074843308,106,b115e1519df6,6,True,5757232.0,5760291.0,5729793.0,5796120.0,22649.491923661335,0.39320048108092687,5762735.0,5766390.6,5729793;5749032;5772337;5751729;5796120;5762735
2026-08-07,BenchmarkIncrementalLoad_1000_NoChange,31148621511,107,f85bfc3ea8b8,6,True,5724191.5,5729805.833333333,5680059.0,5785443.0,39185.63225171525,0.6838911019244588,5717104.0,5723059.8,5763536;5731279;5717104;5680059;5701414;5785443
2026-08-08,BenchmarkIncrementalLoad_1000_NoChange,31238698860,108,f85bfc3ea8b8,6,True,6549064.0,6547885.5,6531005.0,6564416.0,14210.52346326482,0.21702461753897226,6545131.0,6545202.6,6561300;6564416;6552997;6532464;6545131;6531005
2026-08-09,BenchmarkIncrementalLoad_1000_NoChange,31294075244,109,257b30dba613,6,True,5672328.0,5678921.5,5662062.0,5700497.0,15786.13909415472,0.2779777655696547,5672448.0,5682293.4,5662062;5696821;5672448;5700497;5669493;5672208
2026-08-10,BenchmarkIncrementalLoad_1000_NoChange,31355369237,110,9281424d94ee,6,True,6675204.0,6684680.0,6614171.0,6775915.0,58375.102651729874,0.8732669724164788,6690203.0,6698781.8,6614171;6644348;6690203;6775915;6723238;6660205
2026-08-11,BenchmarkIncrementalLoad_1000_NoChange,31457798282,111,b016f77eed8b,6,True,6510086.5,6512314.5,6484623.0,6553697.0,25762.17474321607,0.3955916862310023,6522146.0,6517852.8,6484623;6553697;6491954;6523440;6522146;6498027
2026-08-12,BenchmarkIncrementalLoad_1000_NoChange,31564103354,112,2e61b20a7f94,6,True,6595745.0,6603084.166666667,6551626.0,6665901.0,49241.43042364495,0.7457337992482799,6573737.0,6593320.6,6651902;6665901;6617753;6573737;6551626;6557586
2026-08-13,BenchmarkIncrementalLoad_1000_NoChange,31668058000,113,72fdaf56f88e,6,True,5766153.5,5782336.5,5742879.0,5879316.0,49076.28153293605,0.8487275261987269,5770148.0,5786372.0,5762159;5879316;5759551;5742879;5779966;5770148
2026-07-15,BenchmarkIncrementalLoad_1000_NoChange_MtimeGuard,29391343044,84,b2e12fd539a9,6,True,3333391.0,3336662.3333333335,3319019.0,3369609.0,19017.384148895628,0.5699523130917841,3332933.0,3330073.0,3369609;3345536;3333849;3332933;3319028;3319019
2026-07-16,BenchmarkIncrementalLoad_1000_NoChange_MtimeGuard,29474168829,85,1b56e4766171,6,True,2107090.0,2119083.5,2093531.0,2158242.0,26833.31784740754,1.266269962812109,2107213.0,2122676.2,2101120;2106967;2107213;2093531;2158242;2147428
2026-07-17,BenchmarkIncrementalLoad_1000_NoChange_MtimeGuard,29557674838,86,ebbf8136e377,6,True,3319191.5,3319127.0,3312446.0,3327082.0,6174.888889688624,0.18603954864302039,3322496.0,3320463.2,3312446;3322496;3312953;3323898;3315887;3327082
2026-07-18,BenchmarkIncrementalLoad_1000_NoChange_MtimeGuard,29632027547,87,32f28b3bc13b,6,True,3360214.5,3358159.0,3339019.0,3371120.0,12041.674335407017,0.35857963650342395,3364859.0,3361987.0,3339019;3355570;3364859;3367468;3350918;3371120
2026-07-19,BenchmarkIncrementalLoad_1000_NoChange_MtimeGuard,29675300289,88,ba07b7d9cc7c,6,True,2112998.5,2110767.8333333335,2100724.0,2118908.0,7815.083426724674,0.3702483666516303,2114880.0,2112559.4,2101810;2117168;2114880;2118908;2111117;2100724
2026-07-20,BenchmarkIncrementalLoad_1000_NoChange_MtimeGuard,29720864620,89,4ecc0bdee32c,6,True,3296016.0,3293272.6666666665,3277876.0,3307005.0,10792.38214050386,0.327709947911101,3298845.0,3296352.0,3277876;3283668;3293187;3299055;3298845;3307005
2026-07-21,BenchmarkIncrementalLoad_1000_NoChange_MtimeGuard,29804773784,90,c4be2b8fc37b,6,True,3332565.0,3332786.5,3312587.0,3350678.0,13611.702872895808,0.40841808717407513,3335948.0,3336826.4,3312587;3324902;3335948;3350678;3343422;3329182
2026-07-22,BenchmarkIncrementalLoad_1000_NoChange_MtimeGuard,29894506183,91,7f8dd633fef2,6,True,3344487.5,3348029.6666666665,3321768.0,3382426.0,23212.50485980922,0.6933183744133258,3336780.0,3341150.4,3382426;3352195;3365901;3321768;3329108;3336780
2026-07-23,BenchmarkIncrementalLoad_1000_NoChange_MtimeGuard,29983092381,92,7f8dd633fef2,6,True,3779068.5,3795619.0,3776781.0,3856173.0,31465.305166166752,0.8289900847837138,3778741.0,3798863.6,3779396;3776781;3778741;3856173;3778206;3804417
2026-07-24,BenchmarkIncrementalLoad_1000_NoChange_MtimeGuard,30070185243,93,fc45276a5875,6,True,3328809.5,3331047.3333333335,3322435.0,3344881.0,7725.849096809144,0.23193453360742228,3327617.0,3328280.6,3344881;3327617;3333818;3322435;3330002;3327531
2026-07-25,BenchmarkIncrementalLoad_1000_NoChange_MtimeGuard,30146064925,94,ad341574f17c,6,True,2760370.5,2759833.1666666665,2750927.0,2766093.0,5700.310041275533,0.20654545753431836,2758194.0,2758867.6,2764661;2766093;2762547;2756577;2750927;2758194
2026-07-26,BenchmarkIncrementalLoad_1000_NoChange_MtimeGuard,30190111835,95,77bd8c285826,6,True,3319578.5,3323453.6666666665,3305750.0,3342649.0,13853.37424119722,0.4168366894999254,3321725.0,3326994.4,3305750;3317432;3321725;3316122;3337044;3342649
2026-07-27,BenchmarkIncrementalLoad_1000_NoChange_MtimeGuard,30242446630,96,e9a7d92b5748,6,True,1894969.5,1896200.8333333333,1890061.0,1904148.0,5009.557482120219,0.26418918260435065,1893812.0,1896215.6,1896127;1890061;1899586;1893471;1893812;1904148
2026-07-28,BenchmarkIncrementalLoad_1000_NoChange_MtimeGuard,30332309478,97,ebb934f0a1f5,6,True,2123620.0,2122533.8333333335,2103005.0,2140738.0,13190.223613216975,0.6214376141416972,2118251.0,2118893.0,2140738;2129066;2128989;2118251;2103005;2115154
2026-07-29,BenchmarkIncrementalLoad_1000_NoChange_MtimeGuard,30425942883,98,9ed59fa5e798,6,True,3382741.5,3382743.0,3370366.0,3394492.0,8305.961473544168,0.24553924059688154,3379903.0,3381815.0,3387383;3370366;3379903;3394492;3385580;3378734
2026-07-30,BenchmarkIncrementalLoad_1000_NoChange_MtimeGuard,30516919622,99,c66889742b5b,6,True,3285546.5,3295755.0,3283011.0,3322724.0,17633.602796932904,0.5350398557214631,3286858.0,3298059.0,3284235;3286858;3284121;3313581;3283011;3322724
2026-07-31,BenchmarkIncrementalLoad_1000_NoChange_MtimeGuard,30608283570,100,aa4992f30ef1,6,True,3316279.5,3314108.6666666665,3307972.0,3318654.0,4523.791315552328,0.13650099530690288,3316035.0,3313600.4,3316650;3308817;3316035;3318654;3307972;3316524
2026-08-01,BenchmarkIncrementalLoad_1000_NoChange_MtimeGuard,30686527891,101,6bd778b67838,6,True,2763813.0,2766021.5,2759147.0,2781742.0,8049.82324650672,0.2910253317447721,2763096.0,2762877.4,2781742;2759147;2765930;2761684;2764530;2763096
2026-08-02,BenchmarkIncrementalLoad_1000_NoChange_MtimeGuard,30734783622,102,b57ea62c0133,6,True,3385324.0,3377320.0,3342021.0,3405090.0,22492.676221383706,0.6659918580822577,3385948.0,3384379.8,3342021;3405090;3385948;3384700;3386263;3359898
2026-08-03,BenchmarkIncrementalLoad_1000_NoChange_MtimeGuard,30789482964,103,41368040dd24,6,True,3268030.0,3264666.6666666665,3228944.0,3297735.0,27089.580415109176,0.8297808989721007,3261008.0,3258053.0,3297735;3238443;3228944;3261008;3275052;3286818
2026-08-04,BenchmarkIncrementalLoad_1000_NoChange_MtimeGuard,30881460004,104,90e6e2f3fd9e,6,True,3331242.0,3336415.8333333335,3325320.0,3367243.0,15432.740332379946,0.4625544627319869,3331024.0,3337407.0,3331460;3325320;3367243;3334867;3328581;3331024
2026-08-05,BenchmarkIncrementalLoad_1000_NoChange_MtimeGuard,30978778938,105,7413b57e0e82,6,True,3314154.0,3314684.3333333335,3305765.0,3327310.0,7119.211491918657,0.21477796302730856,3314756.0,3314910.8,3313552;3305765;3314756;3311163;3327310;3315560
2026-08-06,BenchmarkIncrementalLoad_1000_NoChange_MtimeGuard,31074843308,106,b115e1519df6,6,True,3379485.5,3373835.6666666665,3353619.0,3386304.0,14443.52445446286,0.428103970716896,3384631.0,3377879.0,3353619;3374340;3358722;3385398;3384631;3386304
2026-08-07,BenchmarkIncrementalLoad_1000_NoChange_MtimeGuard,31148621511,107,f85bfc3ea8b8,6,True,3348525.0,3347421.6666666665,3324984.0,3365398.0,13571.828405438475,0.40544125470016407,3348847.0,3347265.4,3348203;3341871;3348847;3355227;3365398;3324984
2026-08-08,BenchmarkIncrementalLoad_1000_NoChange_MtimeGuard,31238698860,108,f85bfc3ea8b8,6,True,3616398.5,3617952.5,3605659.0,3634400.0,9417.289392388873,0.26029333973812185,3615985.0,3614663.0,3634400;3616812;3605659;3614596;3620263;3615985
2026-08-09,BenchmarkIncrementalLoad_1000_NoChange_MtimeGuard,31294075244,109,257b30dba613,6,True,3316442.0,3318837.8333333335,3312515.0,3334192.0,8142.6007495558,0.24534494176769206,3316437.0,3318421.4,3320920;3316447;3316437;3312516;3334192;3312515
2026-08-10,BenchmarkIncrementalLoad_1000_NoChange_MtimeGuard,31355369237,110,9281424d94ee,6,True,3723693.5,3725082.3333333335,3689532.0,3754777.0,27560.942042438728,0.739874708159168,3737905.0,3729133.0,3704829;3754777;3689532;3753969;3737905;3709482
2026-08-11,BenchmarkIncrementalLoad_1000_NoChange_MtimeGuard,31457798282,111,b016f77eed8b,6,True,3672321.5,3667912.8333333335,3628977.0,3715413.0,33174.32306719561,0.9044468768645022,3674781.0,3667523.0,3669862;3686866;3715413;3631578;3674781;3628977
2026-08-12,BenchmarkIncrementalLoad_1000_NoChange_MtimeGuard,31564103354,112,2e61b20a7f94,6,True,3640163.5,3640362.1666666665,3614206.0,3665906.0,16553.18101654986,0.4547124780089379,3638320.0,3640033.2,3642007;3638320;3644474;3665906;3637260;3614206
2026-08-13,BenchmarkIncrementalLoad_1000_NoChange_MtimeGuard,31668058000,113,72fdaf56f88e,6,True,3417941.0,3411878.0,3371364.0,3443552.0,32177.014491714424,0.9430880732463007,3398345.0,3406401.0,3439263;3371364;3381207;3398345;3443552;3437537
2026-07-15,BenchmarkIncrementalLoad_1000_OneFileChanged,29391343044,84,b2e12fd539a9,6,True,7206424.5,7213205.0,7174816.0,7250641.0,31797.282324123236,0.4408204442286506,7218970.0,7217529.6,7191582;7249342;7174816;7193879;7250641;7218970
2026-07-16,BenchmarkIncrementalLoad_1000_OneFileChanged,29474168829,85,1b56e4766171,6,True,4983636.5,4963110.833333333,4760787.0,5102303.0,134534.61412352833,2.710691311182587,5062683.0,4979126.6,4883032;4760787;5102303;5065270;5062683;4904590
2026-07-17,BenchmarkIncrementalLoad_1000_OneFileChanged,29557674838,86,ebbf8136e377,6,True,7027139.0,7019433.666666667,6996972.0,7032470.0,15045.924639804183,0.21434670308593534,7027048.0,7016826.4,7032470;7027230;7029105;7027048;6996972;7003777
2026-07-18,BenchmarkIncrementalLoad_1000_OneFileChanged,29632027547,87,32f28b3bc13b,6,True,7188920.5,7189855.666666667,7136596.0,7248085.0,36404.98877718089,0.5063382418921191,7188351.0,7189928.8,7189490;7248085;7136596;7174303;7188351;7202309
2026-07-19,BenchmarkIncrementalLoad_1000_OneFileChanged,29675300289,88,ba07b7d9cc7c,6,True,5052019.0,5050544.0,5014395.0,5082611.0,24253.099851359206,0.4802076736953327,5061356.0,5057773.8,5014395;5042682;5082611;5065716;5061356;5036504
2026-07-20,BenchmarkIncrementalLoad_1000_OneFileChanged,29720864620,89,4ecc0bdee32c,6,True,6934440.5,6932075.333333333,6915623.0,6946652.0,10939.92109051371,0.1578159579124651,6934184.0,6930947.6,6937714;6934697;6934184;6923582;6915623;6946652
2026-07-21,BenchmarkIncrementalLoad_1000_OneFileChanged,29804773784,90,c4be2b8fc37b,6,True,7118528.0,7120012.833333333,7071543.0,7186557.0,40202.75846464602,0.5646444663193751,7116429.0,7116672.4,7136715;7120627;7071543;7116429;7088206;7186557
2026-07-22,BenchmarkIncrementalLoad_1000_OneFileChanged,29894506183,91,7f8dd633fef2,6,True,7161134.0,7169519.666666667,7060639.0,7303018.0,103241.14562453609,1.4400008706934215,7100262.0,7159022.4,7222006;7100262;7303018;7255136;7060639;7076057
2026-07-23,BenchmarkIncrementalLoad_1000_OneFileChanged,29983092381,92,7f8dd633fef2,6,True,9283232.5,9135749.666666666,8531661.0,9612474.0,411772.4520793817,4.507265053264358,9356416.0,9256567.4,8531661;9210049;9356416;9358000;9612474;8745898
2026-07-24,BenchmarkIncrementalLoad_1000_OneFileChanged,30070185243,93,fc45276a5875,6,True,7052564.0,7064142.166666667,7012071.0,7130922.0,40708.30473216327,0.5762667818925303,7055281.0,7074556.4,7012071;7055281;7049847;7048412;7088320;7130922
2026-07-25,BenchmarkIncrementalLoad_1000_OneFileChanged,30146064925,94,ad341574f17c,6,True,6133657.5,6320592.666666667,6111374.0,7288339.0,474313.5288729035,7.504257177880209,6143565.0,6362436.4,6111374;6143992;6112536;6143565;6123750;7288339
2026-07-26,BenchmarkIncrementalLoad_1000_OneFileChanged,30190111835,95,77bd8c285826,6,True,7302655.5,7263498.666666667,7029730.0,7387651.0,126298.95047808856,1.7388170119407365,7284991.0,7249866.0,7331662;7320320;7387651;7284991;7226638;7029730
2026-07-27,BenchmarkIncrementalLoad_1000_OneFileChanged,30242446630,96,e9a7d92b5748,6,True,6929071.0,6579348.166666667,4867369.0,8340765.0,1443302.2020453536,21.936857048508838,7322467.0,6921744.0,4867369;7322467;4873066;7536747;6535675;8340765
2026-07-28,BenchmarkIncrementalLoad_1000_OneFileChanged,30332309478,97,ebb934f0a1f5,6,True,5373089.0,5387914.833333333,5336466.0,5502810.0,58599.72370725537,1.0876141423898784,5374478.0,5393773.2,5358623;5371700;5383412;5502810;5374478;5336466
2026-07-29,BenchmarkIncrementalLoad_1000_OneFileChanged,30425942883,98,9ed59fa5e798,6,True,7350329.5,7508959.333333333,7284211.0,8357054.0,418517.6308189019,5.573577006350839,7366643.0,7552456.0,7291476;7284211;7334016;7366643;7420356;8357054
2026-07-30,BenchmarkIncrementalLoad_1000_OneFileChanged,30516919622,99,c66889742b5b,6,True,7251479.0,7357399.666666667,7216201.0,7894216.0,264692.9771094554,3.5976430410416564,7246607.0,7368253.6,7303130;7256351;7227893;7216201;7894216;7246607
2026-07-31,BenchmarkIncrementalLoad_1000_OneFileChanged,30608283570,100,aa4992f30ef1,6,True,7178875.0,7186042.5,7163544.0,7214889.0,20762.32987648544,0.28892578740642627,7182945.0,7190542.2,7163544;7208054;7214889;7182945;7174805;7172018
2026-08-01,BenchmarkIncrementalLoad_1000_OneFileChanged,30686527891,101,6bd778b67838,6,True,6616216.5,7337321.0,6365442.0,11019890.0,1813060.6960924391,24.710118258318523,6703354.0,7501690.0,6515476;6529079;11019890;6703354;6365442;6890685
2026-08-02,BenchmarkIncrementalLoad_1000_OneFileChanged,30734783622,102,b57ea62c0133,6,True,7454440.0,7441669.666666667,7301370.0,7570328.0,98044.26725651362,1.3175036201308623,7483638.0,7469729.6,7301370;7365083;7425242;7504357;7483638;7570328
2026-08-03,BenchmarkIncrementalLoad_1000_OneFileChanged,30789482964,103,41368040dd24,6,True,7126103.0,7216180.333333333,6937041.0,7603606.0,264913.3938853728,3.6711027392382625,7093779.0,7227731.0,7158427;7093779;7603606;7026307;7477922;6937041
2026-08-04,BenchmarkIncrementalLoad_1000_OneFileChanged,30881460004,104,90e6e2f3fd9e,6,True,7234964.0,7222881.5,7172828.0,7260078.0,40862.14910525388,0.5657319603714096,7254612.0,7232175.2,7176413;7215316;7254612;7258042;7172828;7260078
2026-08-05,BenchmarkIncrementalLoad_1000_OneFileChanged,30978778938,105,7413b57e0e82,6,True,7143232.0,7142674.833333333,7126203.0,7157467.0,11936.790027753133,0.1671193258308035,7142619.0,7139716.4,7157467;7142619;7143845;7132451;7126203;7153464
2026-08-06,BenchmarkIncrementalLoad_1000_OneFileChanged,31074843308,106,b115e1519df6,6,True,7490299.5,7492860.0,7430240.0,7561333.0,47034.36956949673,0.6277225194317888,7472976.0,7489907.4,7507623;7472976;7522807;7462181;7561333;7430240
2026-08-07,BenchmarkIncrementalLoad_1000_OneFileChanged,31148621511,107,f85bfc3ea8b8,6,True,7400918.5,7391357.833333333,7346483.0,7415347.0,24916.139648161123,0.3370982735512416,7402786.0,7393725.0,7379522;7402786;7399051;7415347;7346483;7404958
2026-08-08,BenchmarkIncrementalLoad_1000_OneFileChanged,31238698860,108,f85bfc3ea8b8,6,True,8127286.5,8131375.0,8075958.0,8173709.0,36546.054960829904,0.44944495808925183,8122513.0,8131238.0,8132060;8114529;8169481;8173709;8075958;8122513
2026-08-09,BenchmarkIncrementalLoad_1000_OneFileChanged,31294075244,109,257b30dba613,6,True,7286287.0,7287756.833333333,7261125.0,7319417.0,23484.819645180727,0.32225031902497014,7297837.0,7290360.8,7274737;7306369;7319417;7297837;7267056;7261125
2026-08-10,BenchmarkIncrementalLoad_1000_OneFileChanged,31355369237,110,9281424d94ee,6,True,8436149.5,8443488.333333334,8292247.0,8637275.0,139476.3439378401,1.651880578637306,8514337.0,8460593.6,8357962;8319740;8637275;8539369;8292247;8514337
2026-08-11,BenchmarkIncrementalLoad_1000_OneFileChanged,31457798282,111,b016f77eed8b,6,True,8391272.0,8368698.833333333,8109597.0,8531092.0,153093.8804073065,1.829363004407792,8416599.0,8383568.6,8294350;8416599;8494610;8531092;8365945;8109597
2026-08-12,BenchmarkIncrementalLoad_1000_OneFileChanged,31564103354,112,2e61b20a7f94,6,True,8138154.5,8162251.0,8072719.0,8291734.0,77815.41211610974,0.9533572554447265,8140271.0,8167493.6,8136038;8120057;8072719;8140271;8212687;8291734
2026-08-13,BenchmarkIncrementalLoad_1000_OneFileChanged,31668058000,113,72fdaf56f88e,6,True,7402330.5,7623289.833333333,7388272.0,8557613.0,464886.920615935,6.098245387223591,7391406.0,7628341.6,7598031;7391162;7391406;7388272;7413255;8557613
2026-07-15,BenchmarkMergePartialConfigs_1000,29391343044,84,b2e12fd539a9,6,True,1107377.5,1107930.8333333333,1101628.0,1116803.0,5237.718106834947,0.4727477518679293,1107750.0,1108116.0,1107005;1110095;1116803;1101628;1107750;1104304
2026-07-16,BenchmarkMergePartialConfigs_1000,29474168829,85,1b56e4766171,6,True,1035793.0,1036326.8333333334,1028069.0,1048396.0,7104.1467444490945,0.6855121874629732,1037266.0,1037978.4,1028069;1031094;1034320;1038816;1037266;1048396
2026-07-17,BenchmarkMergePartialConfigs_1000,29557674838,86,ebbf8136e377,6,True,1115067.0,1115540.0,1112039.0,1119578.0,3156.2701405297994,0.2829365276484751,1116072.0,1116110.6,1112687;1112039;1116072;1114062;1118802;1119578
2026-07-18,BenchmarkMergePartialConfigs_1000,29632027547,87,32f28b3bc13b,6,True,1099224.5,1100581.6666666667,1096978.0,1105387.0,3586.8821930287404,0.3259078632385669,1099791.0,1101105.4,1097963;1099791;1096978;1098658;1104713;1105387
2026-07-19,BenchmarkMergePartialConfigs_1000,29675300289,88,ba07b7d9cc7c,6,True,1045327.5,1045615.8333333334,1034881.0,1055118.0,7950.8519145225355,0.7603989592598176,1048221.0,1046252.2,1042434;1053303;1039738;1034881;1048221;1055118
2026-07-20,BenchmarkMergePartialConfigs_1000,29720864620,89,4ecc0bdee32c,6,True,1101086.5,1100046.8333333333,1092137.0,1103744.0,4346.2506792253325,0.3950968765625585,1102571.0,1101628.8,1092137;1102571;1103744;1099602;1103278;1098949
2026-07-21,BenchmarkMergePartialConfigs_1000,29804773784,90,c4be2b8fc37b,6,True,1104416.5,1104670.1666666667,1101593.0,1108615.0,2396.2064532645486,0.21691601036851407,1103871.0,1104465.8,1105692;1103871;1101593;1103288;1108615;1104962
2026-07-22,BenchmarkMergePartialConfigs_1000,29894506183,91,7f8dd633fef2,6,True,1104835.5,1105510.0,1100954.0,1111724.0,3779.1167751208745,0.3418437440747596,1105984.0,1106421.2,1100954;1111724;1103687;1107410;1105984;1103301
2026-07-23,BenchmarkMergePartialConfigs_1000,29983092381,92,7f8dd633fef2,6,True,1136231.5,1136891.8333333333,1133760.0,1140685.0,2484.1184687262135,0.21850086313337758,1136078.0,1136993.2,1136385;1136078;1138883;1135560;1133760;1140685
2026-07-24,BenchmarkMergePartialConfigs_1000,30070185243,93,fc45276a5875,6,True,1101282.5,1101047.1666666667,1097152.0,1106064.0,3051.0204467795143,0.27710170273778895,1101266.0,1100895.8,1101804;1098698;1097152;1101299;1106064;1101266
2026-07-25,BenchmarkMergePartialConfigs_1000,30146064925,94,ad341574f17c,6,True,785333.5,787394.3333333334,777075.0,798353.0,8951.14999688122,1.1368065044344007,783206.0,785311.6,797808;798353;783206;777075;787461;780463
2026-07-26,BenchmarkMergePartialConfigs_1000,30190111835,95,77bd8c285826,6,True,1084583.0,1084621.5,1080200.0,1089317.0,3790.2970727899415,0.34945804345478504,1086043.0,1084921.2,1083123;1080921;1088125;1089317;1080200;1086043
2026-07-27,BenchmarkMergePartialConfigs_1000,30242446630,96,e9a7d92b5748,6,True,946873.0,947810.5,939248.0,956997.0,8053.354599171702,0.8496798251519373,951690.0,948961.4,942056;939248;940767;951690;956105;956997
2026-07-28,BenchmarkMergePartialConfigs_1000,30332309478,97,ebb934f0a1f5,6,True,1082022.0,1081451.1666666667,1073389.0,1087949.0,5571.259836577959,0.515165178817101,1084321.0,1083063.6,1073389;1077381;1084321;1085944;1079723;1087949
2026-07-29,BenchmarkMergePartialConfigs_1000,30425942883,98,9ed59fa5e798,6,True,1115383.5,1115421.3333333333,1112695.0,1117921.0,2008.4828768666828,0.1800649509602365,1116489.0,1115673.8,1114159;1116986;1116489;1114278;1112695;1117921
2026-07-30,BenchmarkMergePartialConfigs_1000,30516919622,99,c66889742b5b,6,True,1089963.0,1090041.3333333333,1083951.0,1096074.0,5580.627443815495,0.5119647552033649,1086309.0,1088834.8,1096074;1084881;1086309;1083951;1095416;1093617
2026-07-31,BenchmarkMergePartialConfigs_1000,30608283570,100,aa4992f30ef1,6,True,1134869.5,1133678.1666666667,1123419.0,1139031.0,5295.390426273276,0.46709821023044096,1134728.0,1133356.6,1135286;1134728;1134594;1123419;1135011;1139031
2026-08-01,BenchmarkMergePartialConfigs_1000,30686527891,101,6bd778b67838,6,True,801984.0,801936.3333333334,797157.0,809468.0,4435.430065581766,0.5530900498229617,801907.0,800430.0,809468;803226;797799;797157;802061;801907
2026-08-02,BenchmarkMergePartialConfigs_1000,30734783622,102,b57ea62c0133,6,True,1121023.0,1120932.1666666667,1113190.0,1129786.0,5982.948651515127,0.5337476101972087,1120532.0,1119161.4,1129786;1115852;1120532;1113190;1121514;1124719
2026-08-03,BenchmarkMergePartialConfigs_1000,30789482964,103,41368040dd24,6,True,1111037.0,1112560.8333333333,1094626.0,1128259.0,12912.223207746474,1.1605858143559018,1113091.0,1113276.4,1108983;1104283;1113091;1128259;1126123;1094626
2026-08-04,BenchmarkMergePartialConfigs_1000,30881460004,104,90e6e2f3fd9e,6,True,1123645.0,1120912.6666666667,1110245.0,1126586.0,6277.705366347378,0.56005303116217,1123592.0,1120355.6,1123698;1126586;1123592;1116434;1110245;1124921
2026-08-05,BenchmarkMergePartialConfigs_1000,30978778938,105,7413b57e0e82,6,True,1090323.0,1089359.3333333333,1085799.0,1091159.0,2149.576113252719,0.19732479884990986,1090745.0,1090071.4,1085799;1090851;1090745;1091159;1087701;1089901
2026-08-06,BenchmarkMergePartialConfigs_1000,31074843308,106,b115e1519df6,6,True,1122004.5,1121718.8333333333,1117138.0,1126235.0,3760.1269881038147,0.3352111845113725,1123405.0,1122478.0,1117923;1125008;1120604;1126235;1117138;1123405
2026-08-07,BenchmarkMergePartialConfigs_1000,31148621511,107,f85bfc3ea8b8,6,True,1102561.0,1103346.0,1099891.0,1108484.0,3615.4751278358976,0.3276828055601686,1100874.0,1103165.6,1104248;1106459;1099891;1100120;1108484;1100874
2026-08-08,BenchmarkMergePartialConfigs_1000,31238698860,108,f85bfc3ea8b8,6,True,1059850.0,1059035.1666666667,1051606.0,1067361.0,5748.845672538677,0.5428380334746841,1060285.0,1060134.4,1053539;1051606;1067361;1059415;1062005;1060285
2026-08-09,BenchmarkMergePartialConfigs_1000,31294075244,109,257b30dba613,6,True,1118124.5,1119122.8333333333,1114787.0,1125088.0,3785.196714394995,0.33822888798727296,1117880.0,1117929.8,1125088;1117880;1114787;1122052;1116561;1118369
2026-08-10,BenchmarkMergePartialConfigs_1000,31355369237,110,9281424d94ee,6,True,1061053.5,1061398.8333333333,1054326.0,1069723.0,5194.636596208311,0.4894141987978736,1059509.0,1059734.0,1069723;1059509;1063403;1058834;1062598;1054326
2026-08-11,BenchmarkMergePartialConfigs_1000,31457798282,111,b016f77eed8b,6,True,1034286.0,1032856.8333333334,1027509.0,1036611.0,3684.9550562614286,0.356773072253295,1034925.0,1033926.4,1027509;1034925;1033647;1035347;1036611;1029102
2026-08-12,BenchmarkMergePartialConfigs_1000,31564103354,112,2e61b20a7f94,6,True,1035265.0,1035927.5,1028414.0,1043109.0,5355.469381856272,0.516973377177097,1036285.0,1037430.2,1028414;1043109;1036285;1032816;1034245;1040696
2026-08-13,BenchmarkMergePartialConfigs_1000,31668058000,113,72fdaf56f88e,6,True,1113578.5,1115507.0,1106763.0,1127441.0,8094.90933859052,0.7256708688148545,1116705.0,1117255.8,1106763;1110452;1127441;1116705;1122226;1109455
2026-07-15,BenchmarkResolveSilentModes_1000,29391343044,84,b2e12fd539a9,6,True,123924.0,124494.5,123019.0,128359.0,1959.776186200863,1.5741869610311001,123556.0,123721.6,128359;123428;124292;123556;124313;123019
2026-07-16,BenchmarkResolveSilentModes_1000,29474168829,85,1b56e4766171,6,True,112030.5,112292.0,110169.0,114823.0,1861.7110409513073,1.657919567690759,112688.0,112609.4,110705;113994;110169;112688;114823;111373
2026-07-17,BenchmarkResolveSilentModes_1000,29557674838,86,ebbf8136e377,6,True,123107.5,122908.5,121609.0,123624.0,744.0415982994499,0.605362198952432,123199.0,123168.4,121609;123478;123624;123199;123016;122525
2026-07-18,BenchmarkResolveSilentModes_1000,29632027547,87,32f28b3bc13b,6,True,124638.5,124640.0,123911.0,125391.0,655.6236725439373,0.5260138579460344,125108.0,124734.2,124169;123911;125391;124077;125184;125108
2026-07-19,BenchmarkResolveSilentModes_1000,29675300289,88,ba07b7d9cc7c,6,True,112002.0,112505.16666666667,111172.0,115161.0,1493.0810315139183,1.3271221898080992,111771.0,111974.0,115161;111172;111771;112233;113256;111438
2026-07-20,BenchmarkResolveSilentModes_1000,29720864620,89,4ecc0bdee32c,6,True,120757.0,120656.33333333333,119044.0,121991.0,1163.8891127021795,0.9646315950002732,121446.0,120774.0,120068;119852;121446;121537;119044;121991
2026-07-21,BenchmarkResolveSilentModes_1000,29804773784,90,c4be2b8fc37b,6,True,124745.0,124923.5,123709.0,126821.0,1070.968300184464,0.8572993073236532,124696.0,124544.0,126821;123709;124794;124242;125279;124696
2026-07-22,BenchmarkResolveSilentModes_1000,29894506183,91,7f8dd633fef2,6,True,124050.5,124766.83333333333,123600.0,126776.0,1362.7091276815704,1.0922046278443955,124157.0,125000.2,123600;126776;124157;123944;126216;123908
2026-07-23,BenchmarkResolveSilentModes_1000,29983092381,92,7f8dd633fef2,6,True,128994.5,129004.16666666667,127518.0,131281.0,1399.2171263483972,1.0846294057802246,128952.0,128997.6,129037;131281;128952;127518;129642;127595
2026-07-24,BenchmarkResolveSilentModes_1000,30070185243,93,fc45276a5875,6,True,125080.0,125180.16666666667,121760.0,128817.0,3005.323704140149,2.400798612245669,123107.0,124805.6,127053;127665;123107;121760;128817;122679
2026-07-25,BenchmarkResolveSilentModes_1000,30146064925,94,ad341574f17c,6,True,87965.0,87582.33333333333,85855.0,88133.0,875.9702430257929,1.0001677389570114,88059.0,87927.8,85855;87871;87510;88059;88066;88133
2026-07-26,BenchmarkResolveSilentModes_1000,30190111835,95,77bd8c285826,6,True,122975.5,123917.66666666667,121483.0,128922.0,2735.40407740185,2.207436720673552,123392.0,124404.6,121483;128922;122559;122146;125004;123392
2026-07-27,BenchmarkResolveSilentModes_1000,30242446630,96,e9a7d92b5748,6,True,107764.0,107519.83333333333,105670.0,108417.0,1054.8107729193264,0.9810383258772348,107359.0,107390.0,108169;108417;107359;105670;108377;107127
2026-07-28,BenchmarkResolveSilentModes_1000,30332309478,97,ebb934f0a1f5,6,True,112615.0,113256.33333333333,111997.0,115196.0,1398.0351450041114,1.234399087324722,112591.0,112934.6,114865;112639;112591;115196;111997;112250
2026-07-29,BenchmarkResolveSilentModes_1000,30425942883,98,9ed59fa5e798,6,True,122481.0,122930.33333333333,120328.0,127162.0,2302.0074427913273,1.8726114054773522,122841.0,123450.8,120328;127162;122121;122841;123231;121899
2026-07-30,BenchmarkResolveSilentModes_1000,30516919622,99,c66889742b5b,6,True,123456.5,123941.66666666667,122750.0,125688.0,1277.5214544839027,1.03074413055919,123166.0,123592.4,125688;122932;122750;123166;125367;123747
2026-07-31,BenchmarkResolveSilentModes_1000,30608283570,100,aa4992f30ef1,6,True,122361.0,122747.33333333333,120933.0,125344.0,1507.7192930604378,1.2283112407550778,122526.0,123110.2,120933;125344;122196;122043;122526;123442
2026-08-01,BenchmarkResolveSilentModes_1000,30686527891,101,6bd778b67838,6,True,88632.0,88386.5,85628.0,90358.0,1540.1587905147962,1.7425271851637933,88653.0,88938.2,85628;90358;88850;88219;88653;88611
2026-08-02,BenchmarkResolveSilentModes_1000,30734783622,102,b57ea62c0133,6,True,124429.5,124498.83333333333,123001.0,126734.0,1387.289071054287,1.114298852375554,124743.0,124758.6,123200;126734;124743;124116;125199;123001
2026-08-03,BenchmarkResolveSilentModes_1000,30789482964,103,41368040dd24,6,True,123348.5,122880.5,120073.0,123846.0,1425.7330395273864,1.1602597967353538,123379.0,123442.0,120073;123833;122834;123318;123846;123379
2026-08-04,BenchmarkResolveSilentModes_1000,30881460004,104,90e6e2f3fd9e,6,True,124570.0,124465.66666666667,123550.0,125051.0,561.6307209071337,0.4512334493103589,124732.0,124648.8,123550;124130;124923;124732;124408;125051
2026-08-05,BenchmarkResolveSilentModes_1000,30978778938,105,7413b57e0e82,6,True,121636.0,122126.83333333333,120848.0,125187.0,1633.334187074607,1.3374081211264848,122205.0,122338.8,121067;125187;120848;122394;122205;121060
2026-08-06,BenchmarkResolveSilentModes_1000,31074843308,106,b115e1519df6,6,True,124130.5,124534.83333333333,123329.0,127783.0,1644.3522027432768,1.3203953935859527,124127.0,123885.2,127783;124380;124127;124134;123456;123329
2026-08-07,BenchmarkResolveSilentModes_1000,31148621511,107,f85bfc3ea8b8,6,True,123389.5,123134.0,121440.0,124341.0,1068.1803218558184,0.86749421106747,123130.0,122892.6,124341;121440;122376;123649;123130;123868
2026-08-08,BenchmarkResolveSilentModes_1000,31238698860,108,f85bfc3ea8b8,6,True,116658.0,117066.66666666667,115468.0,120097.0,1600.9333111240664,1.3675398443542708,116435.0,116460.6,120097;116435;116881;117236;116283;115468
2026-08-09,BenchmarkResolveSilentModes_1000,31294075244,109,257b30dba613,6,True,125104.0,125756.33333333333,123654.0,130603.0,2477.673317180186,1.9702175242441227,125050.0,124787.0,130603;123654;125050;124369;125158;125704
2026-08-10,BenchmarkResolveSilentModes_1000,31355369237,110,9281424d94ee,6,True,116130.5,116641.0,115462.0,119297.0,1415.5794573248088,1.2136208171438936,115875.0,116109.8,119297;115462;117053;115773;116386;115875
2026-08-11,BenchmarkResolveSilentModes_1000,31457798282,111,b016f77eed8b,6,True,114398.5,114141.33333333333,112333.0,115838.0,1295.812126300208,1.1352698347372336,114648.0,114377.0,112963;112333;114917;114149;114648;115838
2026-08-12,BenchmarkResolveSilentModes_1000,31564103354,112,2e61b20a7f94,6,True,112758.5,113539.33333333333,112570.0,117161.0,1789.6696529434325,1.5762552063690989,112740.0,112815.0,117161;112777;112726;113262;112740;112570
2026-08-13,BenchmarkResolveSilentModes_1000,31668058000,113,72fdaf56f88e,6,True,128597.5,127961.16666666667,124220.0,131684.0,2801.1039549910793,2.1890265835789338,129154.0,128709.4,124220;131684;125194;128041;129154;129474
2026-07-15,BenchmarkScanDirFileHashes_1000,29391343044,84,b2e12fd539a9,6,True,13134527.5,13127996.166666666,12992266.0,13251419.0,96883.03582241149,0.7379879959776915,13101325.0,13120049.4,13167730;13101325;13053506;12992266;13251419;13201731
2026-07-16,BenchmarkScanDirFileHashes_1000,29474168829,85,1b56e4766171,6,True,7528874.0,7527495.0,7441921.0,7593870.0,50912.3793904783,0.67635221797528,7518522.0,7521659.2,7556674;7441921;7593870;7518522;7539226;7514757
2026-07-17,BenchmarkScanDirFileHashes_1000,29557674838,86,ebbf8136e377,6,True,12694747.0,12717048.166666666,12672958.0,12778203.0,45358.28260160063,0.356673042416334,12696708.0,12721900.6,12692786;12690683;12770951;12696708;12778203;12672958
2026-07-18,BenchmarkScanDirFileHashes_1000,29632027547,87,32f28b3bc13b,6,True,13070452.0,13092645.5,13012847.0,13245636.0,88563.28011032564,0.6764353324186898,13092794.0,13101552.6,13048110;13018892;13092794;13245636;13137594;13012847
2026-07-19,BenchmarkScanDirFileHashes_1000,29675300289,88,ba07b7d9cc7c,6,True,7415714.5,7416948.5,7374226.0,7471103.0,34515.404623153416,0.46535855848471125,7429010.0,7425493.0,7374226;7429010;7392443;7402419;7471103;7432490
2026-07-20,BenchmarkScanDirFileHashes_1000,29720864620,89,4ecc0bdee32c,6,True,12469823.0,12471445.333333334,12465059.0,12481146.0,6103.027008515255,0.04893600417109037,12467591.0,12469505.2,12481146;12475660;12467161;12472055;12467591;12465059
2026-07-21,BenchmarkScanDirFileHashes_1000,29804773784,90,c4be2b8fc37b,6,True,12862609.0,12911950.0,12745017.0,13159194.0,175340.53876385803,1.357971017265851,12816324.0,12876825.4,13087573;13159194;12745017;12908894;12754698;12816324
2026-07-22,BenchmarkScanDirFileHashes_1000,29894506183,91,7f8dd633fef2,6,True,12949672.5,12959537.0,12852667.0,13077362.0,91747.53609770673,0.7079538111408357,12955906.0,12962756.6,12943439;13077362;12955906;13054680;12873168;12852667
2026-07-23,BenchmarkScanDirFileHashes_1000,29983092381,92,7f8dd633fef2,6,True,14552699.0,14606433.833333334,14480537.0,14807521.0,123724.78046441087,0.8470567277144583,14550893.0,14616819.6,14554505;14480537;14539055;14706092;14550893;14807521
2026-07-24,BenchmarkScanDirFileHashes_1000,30070185243,93,fc45276a5875,6,True,12919235.5,12915179.166666666,12763818.0,13022066.0,84305.10514889752,0.6527598576912053,12920914.0,12914712.0,12917515;12917557;13022066;12949205;12920914;12763818
2026-07-25,BenchmarkScanDirFileHashes_1000,30146064925,94,ad341574f17c,6,True,12190046.5,12185296.333333334,12160080.0,12196786.0,13639.434191588252,0.11193354530309672,12186528.0,12182998.4,12196786;12193565;12180949;12193870;12160080;12186528
2026-07-26,BenchmarkScanDirFileHashes_1000,30190111835,95,77bd8c285826,6,True,12607639.5,12613828.166666666,12490442.0,12769461.0,111156.69555976674,0.88122887113295,12679606.0,12631112.8,12527405;12535673;12490442;12769461;12679606;12680382
2026-07-27,BenchmarkScanDirFileHashes_1000,30242446630,96,e9a7d92b5748,6,True,6890921.5,6884446.0,6825008.0,6936331.0,45806.82446535669,0.6653668932163413,6872080.0,6876669.6,6923328;6936331;6909763;6872080;6840166;6825008
2026-07-28,BenchmarkScanDirFileHashes_1000,30332309478,97,ebb934f0a1f5,6,True,7647855.5,7638981.166666667,7545900.0,7728764.0,68585.35414916706,0.8978337903023638,7638631.0,7635361.4,7657080;7575353;7688159;7545900;7728764;7638631
2026-07-29,BenchmarkScanDirFileHashes_1000,30425942883,98,9ed59fa5e798,6,True,13245611.0,13298564.666666666,13049456.0,13607364.0,243449.09582552707,1.8306418920211822,13174237.0,13236804.8,13607364;13174237;13074630;13049456;13316985;13568716
2026-07-30,BenchmarkScanDirFileHashes_1000,30516919622,99,c66889742b5b,6,True,13064457.0,13016628.0,12820360.0,13135852.0,115346.35900625559,0.886146235463252,13068882.0,13055881.6,12820360;13135852;13068882;12940236;13074406;13060032
2026-07-31,BenchmarkScanDirFileHashes_1000,30608283570,100,aa4992f30ef1,6,True,12757473.5,12756304.0,12682325.0,12826099.0,62213.40561647465,0.48770714163345946,12719269.0,12748429.2,12795678;12702069;12682325;12719269;12826099;12812384
2026-08-01,BenchmarkScanDirFileHashes_1000,30686527891,101,6bd778b67838,6,True,12248446.5,12255255.333333334,12225263.0,12306114.0,32267.463213997264,0.26329490766489616,12258961.0,12261233.2,12225366;12237932;12306114;12258961;12277896;12225263
2026-08-02,BenchmarkScanDirFileHashes_1000,30734783622,102,b57ea62c0133,6,True,12986837.5,13022785.833333334,12885516.0,13266339.0,137642.08889931403,1.0569327535664688,12982356.0,12974075.2,13266339;13087292;12923893;12982356;12991319;12885516
2026-08-03,BenchmarkScanDirFileHashes_1000,30789482964,103,41368040dd24,6,True,12384837.5,12354368.666666666,12139973.0,12442464.0,110430.42746393164,0.8938573102637295,12403074.0,12397247.8,12139973;12442464;12366601;12403074;12423037;12351063
2026-08-04,BenchmarkScanDirFileHashes_1000,30881460004,104,90e6e2f3fd9e,6,True,12922433.5,12914813.0,12791302.0,13076602.0,110934.80267256079,0.8589733561961818,12958481.0,12938028.2,12798737;12791302;12886386;13076602;12958481;12977370
2026-08-05,BenchmarkScanDirFileHashes_1000,30978778938,105,7413b57e0e82,6,True,12643018.5,12645711.333333334,12639818.0,12656990.0,6865.772954785693,0.054293291803110585,12641852.0,12643455.6,12656990;12640395;12641852;12644185;12639818;12651028
2026-08-06,BenchmarkScanDirFileHashes_1000,31074843308,106,b115e1519df6,6,True,13384716.0,13377064.666666666,13247474.0,13489558.0,88907.53199063995,0.6646266143287934,13364597.0,13354566.0,13489558;13364597;13310338;13247474;13445586;13404835
2026-08-07,BenchmarkScanDirFileHashes_1000,31148621511,107,f85bfc3ea8b8,6,True,13076611.0,13086441.333333334,12990090.0,13192430.0,86382.07716573309,0.6600883690641216,13061486.0,13067499.6,13181150;12990090;13061486;13091736;13001756;13192430
2026-08-08,BenchmarkScanDirFileHashes_1000,31238698860,108,f85bfc3ea8b8,6,True,15983961.0,16011157.333333334,15950577.0,16151682.0,73739.69172614344,0.4605519150862763,15992312.0,16023273.4,15950577;16151682;15992312;15968171;16028592;15975610
2026-08-09,BenchmarkScanDirFileHashes_1000,31294075244,109,257b30dba613,6,True,12812617.0,12819326.833333334,12704747.0,12953076.0,103751.6630775944,0.8093378414209327,12760320.0,12810209.4,12864914;12953076;12760320;12704747;12723640;12909264
2026-08-10,BenchmarkScanDirFileHashes_1000,31355369237,110,9281424d94ee,6,True,16275678.5,16346579.0,16202958.0,16698005.0,179798.7834919914,1.0999168908185095,16274079.0,16276293.8,16698005;16274079;16202958;16277278;16364927;16262227
2026-08-11,BenchmarkScanDirFileHashes_1000,31457798282,111,b016f77eed8b,6,True,16107816.0,16207164.666666666,15963950.0,16768550.0,293381.5091560248,1.8101963865365271,16078260.0,16195688.8,16264544;16768550;16137372;16030312;16078260;15963950
2026-08-12,BenchmarkScanDirFileHashes_1000,31564103354,112,2e61b20a7f94,6,True,15999408.5,16020079.5,15840286.0,16313891.0,163889.46456041644,1.0230252887347808,16004053.0,16025142.6,15994764;16061553;16004053;15905930;15840286;16313891
2026-08-13,BenchmarkScanDirFileHashes_1000,31668058000,113,72fdaf56f88e,6,True,13672717.0,13680815.833333334,13217568.0,14238661.0,387120.93388160586,2.8296626356038286,13474210.0,13569246.8,14238661;13871224;13474210;13217568;13375619;13907613
2026-07-15,BenchmarkScanDirFileHashes_1000_MtimeGuard,29391343044,84,b2e12fd539a9,6,True,3265977.5,3267847.0,3253046.0,3284830.0,14834.589714582604,0.4539560669328339,3275517.0,3270807.2,3253046;3256438;3275517;3284830;3282814;3254437
2026-07-16,BenchmarkScanDirFileHashes_1000_MtimeGuard,29474168829,85,1b56e4766171,6,True,1973322.0,1975703.1666666667,1962652.0,1992302.0,12262.449240125998,0.6206625290182001,1972545.0,1976024.0,1974099;1988408;1992302;1972545;1962652;1964213
2026-07-17,BenchmarkScanDirFileHashes_1000_MtimeGuard,29557674838,86,ebbf8136e377,6,True,3244800.5,3249762.3333333335,3231967.0,3285920.0,19517.263995413567,0.6005751188393643,3249638.0,3253321.4,3231967;3285920;3254172;3249638;3236914;3239963
2026-07-18,BenchmarkScanDirFileHashes_1000_MtimeGuard,29632027547,87,32f28b3bc13b,6,True,3268247.5,3269040.6666666665,3231152.0,3296786.0,25288.232327837126,0.7735673828011049,3278382.0,3271653.6,3255976;3278382;3293835;3296786;3258113;3231152
2026-07-19,BenchmarkScanDirFileHashes_1000_MtimeGuard,29675300289,88,ba07b7d9cc7c,6,True,1979915.5,1979359.0,1975871.0,1981588.0,2056.1582623912977,0.10388000672901165,1980299.0,1980056.6,1975871;1978191;1980299;1980673;1979532;1981588
2026-07-20,BenchmarkScanDirFileHashes_1000_MtimeGuard,29720864620,89,4ecc0bdee32c,6,True,3204879.5,3205244.8333333335,3186252.0,3228368.0,14980.773804001803,0.4673831355473199,3206772.0,3207651.2,3193213;3206772;3213877;3228368;3202987;3186252
2026-07-21,BenchmarkScanDirFileHashes_1000_MtimeGuard,29804773784,90,c4be2b8fc37b,6,True,3243623.0,3250568.1666666665,3232410.0,3276104.0,20445.945088615168,0.6289960413161156,3252050.0,3254036.8,3233225;3274424;3276104;3252050;3232410;3235196
2026-07-22,BenchmarkScanDirFileHashes_1000_MtimeGuard,29894506183,91,7f8dd633fef2,6,True,3246433.5,3253058.3333333335,3234379.0,3293719.0,21515.294556818568,0.6613866814608376,3251996.0,3255509.8,3240801;3256584;3251996;3293719;3234379;3240871
2026-07-23,BenchmarkScanDirFileHashes_1000_MtimeGuard,29983092381,92,7f8dd633fef2,6,True,3779194.5,3806048.3333333335,3683921.0,3919010.0,91595.90642308567,2.406588104015644,3770136.0,3783456.0,3919010;3910597;3788253;3764373;3683921;3770136
2026-07-24,BenchmarkScanDirFileHashes_1000_MtimeGuard,30070185243,93,fc45276a5875,6,True,3259885.0,3262546.5,3231348.0,3292394.0,23415.007057440747,0.7176911365842831,3263341.0,3265920.8,3245675;3286092;3256429;3292394;3231348;3263341
2026-07-25,BenchmarkScanDirFileHashes_1000_MtimeGuard,30146064925,94,ad341574f17c,6,True,2703917.5,2703927.0,2689407.0,2713704.0,8726.207446537126,0.32272348501039877,2702118.0,2702387.8,2711623;2689407;2700993;2713704;2702118;2705717
2026-07-26,BenchmarkScanDirFileHashes_1000_MtimeGuard,30190111835,95,77bd8c285826,6,True,3247133.5,3243223.1666666665,3213299.0,3263780.0,20925.332584374057,0.6452017486629137,3236395.0,3239578.8,3261445;3263780;3257872;3226548;3236395;3213299
2026-07-27,BenchmarkScanDirFileHashes_1000_MtimeGuard,30242446630,96,e9a7d92b5748,6,True,1803889.0,1804056.6666666667,1792769.0,1817307.0,9657.8027866936,0.5353381057890052,1804818.0,1806009.8,1794291;1812195;1792769;1804818;1817307;1802960
2026-07-28,BenchmarkScanDirFileHashes_1000_MtimeGuard,30332309478,97,ebb934f0a1f5,6,True,1995881.5,1996174.8333333333,1988830.0,2006894.0,6415.653806640962,0.32139738962281755,1997808.0,1996618.8,1993955;1998350;1988830;1991212;2006894;1997808
2026-07-29,BenchmarkScanDirFileHashes_1000_MtimeGuard,30425942883,98,9ed59fa5e798,6,True,3253059.5,3262663.8333333335,3237062.0,3300561.0,27826.140468391706,0.8528656916505813,3251578.0,3256374.2,3294112;3300561;3254541;3238129;3237062;3251578
2026-07-30,BenchmarkScanDirFileHashes_1000_MtimeGuard,30516919622,99,c66889742b5b,6,True,3220413.5,3223921.0,3210162.0,3242692.0,12454.426971964627,0.38631303223511454,3224931.0,3226672.8,3210162;3234046;3242692;3215799;3215896;3224931
2026-07-31,BenchmarkScanDirFileHashes_1000_MtimeGuard,30608283570,100,aa4992f30ef1,6,True,3268429.0,3376380.3333333335,3237295.0,3656987.0,188955.86026759443,5.5964032962201165,3265566.0,3397398.0,3271292;3237295;3248727;3265566;3656987;3578415
2026-08-01,BenchmarkScanDirFileHashes_1000_MtimeGuard,30686527891,101,6bd778b67838,6,True,2716155.5,2715423.0,2707311.0,2722310.0,5083.827573787294,0.18722046523828123,2716455.0,2715336.4,2715856;2716455;2712591;2707311;2718015;2722310
2026-08-02,BenchmarkScanDirFileHashes_1000_MtimeGuard,30734783622,102,b57ea62c0133,6,True,3287522.0,3290094.3333333335,3272894.0,3314548.0,13631.712785511096,0.41432589477458026,3287371.0,3289676.2,3292185;3272894;3285895;3314548;3287371;3287673
2026-08-03,BenchmarkScanDirFileHashes_1000_MtimeGuard,30789482964,103,41368040dd24,6,True,3242891.5,3229018.5,3163091.0,3261908.0,37010.42745362447,1.1461819575708367,3243283.0,3242204.0,3163091;3209065;3243283;3261908;3254264;3242500
2026-08-04,BenchmarkScanDirFileHashes_1000_MtimeGuard,30881460004,104,90e6e2f3fd9e,6,True,3277250.5,3279084.6666666665,3258967.0,3314412.0,21118.007005081392,0.6440214008425947,3269143.0,3272019.2,3314412;3259670;3286958;3285358;3269143;3258967
2026-08-05,BenchmarkScanDirFileHashes_1000_MtimeGuard,30978778938,105,7413b57e0e82,6,True,3238579.5,3240107.0,3232939.0,3254000.0,7923.597213387364,0.24454739344680174,3236440.0,3237328.4,3254000;3240719;3243220;3236440;3233324;3232939
2026-08-06,BenchmarkScanDirFileHashes_1000_MtimeGuard,31074843308,106,b115e1519df6,6,True,3286554.5,3285426.3333333335,3268522.0,3300388.0,13038.661076455153,0.3968635955756271,3283800.0,3282434.0,3300388;3289309;3283800;3297971;3272568;3268522
2026-08-07,BenchmarkScanDirFileHashes_1000_MtimeGuard,31148621511,107,f85bfc3ea8b8,6,True,3265951.0,3264792.5,3241402.0,3281241.0,15142.66383104373,0.46381703679617403,3262348.0,3261923.8,3279136;3281241;3269554;3262348;3241402;3255074
2026-08-08,BenchmarkScanDirFileHashes_1000_MtimeGuard,31238698860,108,f85bfc3ea8b8,6,True,3529031.0,3530446.8333333335,3523234.0,3540749.0,6526.431962923284,0.1848613580950386,3529720.0,3531889.4,3523234;3525327;3540749;3528342;3529720;3535309
2026-08-09,BenchmarkScanDirFileHashes_1000_MtimeGuard,31294075244,109,257b30dba613,6,True,3235115.0,3239020.3333333335,3218244.0,3257432.0,15051.098812600583,0.46468059053865923,3237486.0,3240275.6,3232744;3232521;3237486;3255695;3218244;3257432
2026-08-10,BenchmarkScanDirFileHashes_1000_MtimeGuard,31355369237,110,9281424d94ee,6,True,3558756.5,3564715.3333333335,3542430.0,3589315.0,19320.487071154977,0.5419924247664557,3557148.0,3559795.4,3589315;3560365;3557148;3551596;3542430;3587438
2026-08-11,BenchmarkScanDirFileHashes_1000_MtimeGuard,31457798282,111,b016f77eed8b,6,True,3540084.0,3558120.8333333335,3518566.0,3633096.0,46255.00696537259,1.2999841526472216,3551439.0,3566031.8,3518566;3522371;3594524;3633096;3551439;3528729
2026-08-12,BenchmarkScanDirFileHashes_1000_MtimeGuard,31564103354,112,2e61b20a7f94,6,True,3532459.5,3535192.1666666665,3522345.0,3551111.0,10779.135798693078,0.3049094728238416,3529305.0,3533373.0,3544288;3551111;3535614;3528490;3522345;3529305
2026-08-13,BenchmarkScanDirFileHashes_1000_MtimeGuard,31668058000,113,72fdaf56f88e,6,True,3326027.0,3328548.5,3274781.0,3398883.0,52416.58348175699,1.5747579908106188,3301367.0,3320104.8,3370767;3350687;3301367;3274806;3274781;3398883
2026-07-15,BenchmarkScanDirHierarchical_1000,29391343044,84,b2e12fd539a9,6,True,48464051.0,48521831.833333336,48041904.0,49261839.0,478297.156524024,0.9857359840966378,48659818.0,48610057.6,48080703;48041904;48818443;48268284;48659818;49261839
2026-07-16,BenchmarkScanDirHierarchical_1000,29474168829,85,1b56e4766171,6,True,37986392.5,37897859.333333336,37172266.0,38349744.0,409659.7901760272,1.0809575986148325,37983830.0,37807482.4,38349744;37172266;37736346;37988955;38156015;37983830
2026-07-17,BenchmarkScanDirHierarchical_1000,29557674838,86,ebbf8136e377,6,True,48242097.0,48323415.666666664,48150225.0,48612035.0,181604.78034200164,0.37581114214836436,48221136.0,48291718.2,48481903;48221136;48612035;48150225;48263058;48212137
2026-07-18,BenchmarkScanDirHierarchical_1000,29632027547,87,32f28b3bc13b,6,True,48523008.5,48527756.833333336,48328395.0,48722410.0,143421.234332182,0.29554474323788876,48513826.0,48526870.0,48532191;48328395;48423283;48722410;48513826;48646436
2026-07-19,BenchmarkScanDirHierarchical_1000,29675300289,88,ba07b7d9cc7c,6,True,36896678.5,37055302.5,36827697.0,37624291.0,320384.3528705795,0.8646113545303794,36850970.0,37017001.0,37246810;37624291;36942387;36850970;36827697;36839660
2026-07-20,BenchmarkScanDirHierarchical_1000,29720864620,89,4ecc0bdee32c,6,True,46103819.5,46117088.5,45977988.0,46276238.0,100489.50111081256,0.21790079204764318,46118547.0,46144908.6,45977988;46089092;46170364;46118547;46276238;46070302
2026-07-21,BenchmarkScanDirHierarchical_1000,29804773784,90,c4be2b8fc37b,6,True,47518803.5,47575009.5,47155226.0,48111806.0,334918.6061213978,0.7039801140163677,47475536.0,47577597.2,47562071;47155226;47780568;47475536;47364850;48111806
2026-07-22,BenchmarkScanDirHierarchical_1000,29894506183,91,7f8dd633fef2,6,True,47556808.0,47562569.833333336,47360420.0,47822947.0,179433.25431303604,0.37725727382224755,47580019.0,47598890.2,47380968;47360420;47822947;47697468;47580019;47533597
2026-07-23,BenchmarkScanDirHierarchical_1000,29983092381,92,7f8dd633fef2,6,True,52412132.0,52820981.0,52359976.0,53708551.0,668053.7571010285,1.2647507570922025,52414280.0,52913182.0,52359976;52409984;52376096;53656999;53708551;52414280
2026-07-24,BenchmarkScanDirHierarchical_1000,30070185243,93,fc45276a5875,6,True,47091077.0,47145213.833333336,46975321.0,47405484.0,166736.55671677602,0.3536659252542988,47114323.0,47160690.4,47067831;47021311;46975321;47287013;47405484;47114323
2026-07-25,BenchmarkScanDirHierarchical_1000,30146064925,94,ad341574f17c,6,True,35176070.0,35214128.0,35157962.0,35398525.0,92408.03477187468,0.2624175012139295,35173491.0,35214297.2,35213282;35162859;35178649;35157962;35173491;35398525
2026-07-26,BenchmarkScanDirHierarchical_1000,30190111835,95,77bd8c285826,6,True,47137793.5,47158473.666666664,47011554.0,47320507.0,131020.1814510523,0.27782956330849645,47188003.0,47187857.6,47011554;47087584;47320507;47045602;47188003;47297592
2026-07-27,BenchmarkScanDirHierarchical_1000,30242446630,96,e9a7d92b5748,6,True,33246887.5,33183790.0,32921189.0,33364400.0,185566.56921439272,0.5592084846679439,33239372.0,33147668.0,33364400;33239372;32986270;33337106;33254403;32921189
2026-07-28,BenchmarkScanDirHierarchical_1000,30332309478,97,ebb934f0a1f5,6,True,38203057.5,38231288.666666664,38054023.0,38542985.0,181464.97058624474,0.47465041570639377,38236108.0,38266741.8,38054023;38542985;38313242;38071367;38170007;38236108
2026-07-29,BenchmarkScanDirHierarchical_1000,30425942883,98,9ed59fa5e798,6,True,49063336.5,49218745.0,48464304.0,50616382.0,809481.6984169562,1.6446613956064022,48964243.0,48939217.6,50616382;49614050;49162430;48491061;48464304;48964243
2026-07-30,BenchmarkScanDirHierarchical_1000,30516919622,99,c66889742b5b,6,True,47297941.0,47335354.666666664,46946323.0,47699657.0,284311.86860816536,0.600633227764482,47240513.0,47262494.2,47699657;47155184;47240513;47615082;47355369;46946323
2026-07-31,BenchmarkScanDirHierarchical_1000,30608283570,100,aa4992f30ef1,6,True,50004494.5,49911496.333333336,49198196.0,50419333.0,408740.29313619994,0.8189301526975523,49954154.0,49809929.0,50419333;50054835;49954154;49769420;50073040;49198196
2026-08-01,BenchmarkScanDirHierarchical_1000,30686527891,101,6bd778b67838,6,True,36082368.0,36080508.666666664,36034852.0,36139426.0,36160.63365963969,0.10022207279202537,36089367.0,36081536.6,36075369;36139426;36052873;36089367;36034852;36091165
2026-08-02,BenchmarkScanDirHierarchical_1000,30734783622,102,b57ea62c0133,6,True,49296483.0,49283242.166666664,48650532.0,49709264.0,352836.34624137956,0.7159357435295214,49287724.0,49198037.8,49709264;49287724;49482683;49305242;48650532;49264008
2026-08-03,BenchmarkScanDirHierarchical_1000,30789482964,103,41368040dd24,6,True,47120353.0,47071506.5,46782172.0,47281770.0,209142.13950301838,0.44430729979508593,47222158.0,47109452.8,46881775;46782172;47018548;47222158;47242616;47281770
2026-08-04,BenchmarkScanDirHierarchical_1000,30881460004,104,90e6e2f3fd9e,6,True,48302040.5,48336041.333333336,48147139.0,48699910.0,190626.7500406663,0.394378076446254,48302494.0,48342932.2,48301587;48335356;48302494;48699910;48229762;48147139
2026-08-05,BenchmarkScanDirHierarchical_1000,30978778938,105,7413b57e0e82,6,True,47147022.5,47122217.833333336,46968680.0,47176098.0,76175.71894617514,0.16165563177777664,47147773.0,47118239.4,47142110;46968680;47147773;47176098;47152374;47146272
2026-08-06,BenchmarkScanDirHierarchical_1000,31074843308,106,b115e1519df6,6,True,48964466.0,49160035.333333336,48673824.0,50335704.0,600336.1960007631,1.221187478670709,48866901.0,48924901.6,50335704;49062031;48863584;49158168;48673824;48866901
2026-08-07,BenchmarkScanDirHierarchical_1000,31148621511,107,f85bfc3ea8b8,6,True,48548184.5,48553244.0,48411159.0,48728764.0,129373.14700508758,0.2664562372085531,48594143.0,48563447.6,48502226;48411159;48594143;48422960;48660212;48728764
2026-08-08,BenchmarkScanDirHierarchical_1000,31238698860,108,f85bfc3ea8b8,6,True,47930433.5,47906987.166666664,47682988.0,48054234.0,132343.87429181096,0.27625171633396906,47960418.0,47951787.0,47682988;47960418;47900449;47843260;48054234;48000574
2026-08-09,BenchmarkScanDirHierarchical_1000,31294075244,109,257b30dba613,6,True,47366247.5,47402053.0,47190904.0,47686540.0,192716.45783170674,0.40655719665075846,47412802.0,47418525.0,47319693;47237970;47412802;47564409;47190904;47686540
2026-08-10,BenchmarkScanDirHierarchical_1000,31355369237,110,9281424d94ee,6,True,48798064.5,48880878.0,48293707.0,49577922.0,453774.02708528837,0.928326261008013,48741258.0,48886079.4,48854871;49577922;48611106;48293707;48741258;49206404
2026-08-11,BenchmarkScanDirHierarchical_1000,31457798282,111,b016f77eed8b,6,True,48152768.0,48343883.166666664,47651382.0,49265710.0,751264.0342578411,1.5540001858515187,48493893.0,48481902.4,47653787;47811643;49265710;49186884;47651382;48493893
2026-08-12,BenchmarkScanDirHierarchical_1000,31564103354,112,2e61b20a7f94,6,True,47864976.5,47899502.333333336,47460734.0,48292991.0,314717.2570817601,0.6570365906761163,47863881.0,47906188.4,47866072;47863881;47693076;48292991;47460734;48220260
2026-08-13,BenchmarkScanDirHierarchical_1000,31668058000,113,72fdaf56f88e,6,True,50245243.5,50215446.0,49785062.0,50650861.0,338643.12286003976,0.6743803945503934,50330229.0,50226483.6,50160258;50650861;49882908;50483358;49785062;50330229
2026-07-15,BenchmarkScanDirHierarchical_MixedMode_500flat_500hier,29391343044,84,b2e12fd539a9,6,True,32620816.0,32696600.833333332,32426191.0,33134773.0,270166.1095144368,0.8262819456113294,32716782.0,32735582.0,32501695;32524850;32716782;32426191;32875314;33134773
2026-07-16,BenchmarkScanDirHierarchical_MixedMode_500flat_500hier,29474168829,85,1b56e4766171,6,True,24422460.5,24373128.333333332,23784202.0,25141709.0,512567.7576920603,2.1030035647539718,24326392.0,24219412.2,25141709;23837723;24326392;24630215;24518529;23784202
2026-07-17,BenchmarkScanDirHierarchical_MixedMode_500flat_500hier,29557674838,86,ebbf8136e377,6,True,31752408.5,31736566.833333332,31502031.0,31948923.0,146213.1730008164,0.46070885287833585,31756811.0,31748655.8,31676122;31756811;31948923;31748006;31502031;31787508
2026-07-18,BenchmarkScanDirHierarchical_MixedMode_500flat_500hier,29632027547,87,32f28b3bc13b,6,True,32454157.5,32422263.5,32216792.0,32539949.0,120616.56151084726,0.3720177078656068,32414655.0,32407984.2,32493660;32414655;32359329;32509196;32216792;32539949
2026-07-19,BenchmarkScanDirHierarchical_MixedMode_500flat_500hier,29675300289,88,ba07b7d9cc7c,6,True,23784585.5,23794710.666666668,23716040.0,23899047.0,75569.49310050099,0.3175894599397846,23828610.0,23805540.6,23740561;23731247;23899047;23852759;23828610;23716040
2026-07-20,BenchmarkScanDirHierarchical_MixedMode_500flat_500hier,29720864620,89,4ecc0bdee32c,6,True,30739227.0,30766124.333333332,30635307.0,30893137.0,100511.81738813933,0.32669638950669044,30754132.0,30792287.8,30635307;30893137;30877742;30712106;30754132;30724322
2026-07-21,BenchmarkScanDirHierarchical_MixedMode_500flat_500hier,29804773784,90,c4be2b8fc37b,6,True,32265710.5,32212975.166666668,31768631.0,32457673.0,262499.11611235316,0.8148862834128464,32380310.0,32301844.0,31768631;32380310;32457673;32100458;32419668;32151111
2026-07-22,BenchmarkScanDirHierarchical_MixedMode_500flat_500hier,29894506183,91,7f8dd633fef2,6,True,31848359.0,31921136.833333332,31656730.0,32434695.0,295730.244174935,0.9264402007954854,31867488.0,31974018.2,31656730;31867488;31660847;31829230;32434695;32077831
2026-07-23,BenchmarkScanDirHierarchical_MixedMode_500flat_500hier,29983092381,92,7f8dd633fef2,6,True,36055719.5,36110301.333333336,35787206.0,36496632.0,241460.26812017473,0.6686741987868245,36027097.0,36081533.4,36254141;36012390;36084342;36027097;36496632;35787206
2026-07-24,BenchmarkScanDirHierarchical_MixedMode_500flat_500hier,30070185243,93,fc45276a5875,6,True,32066929.0,32023826.166666668,31568994.0,32317544.0,260053.23844275938,0.8120617351884286,31986295.0,31999078.8,32147563;32174132;32317544;31986295;31948429;31568994
2026-07-25,BenchmarkScanDirHierarchical_MixedMode_500flat_500hier,30146064925,94,ad341574f17c,6,True,24125267.0,24136034.333333332,24034770.0,24254453.0,92761.16879743736,0.38432647019120514,24101559.0,24112350.6,24254453;24034770;24148975;24045004;24101559;24231445
2026-07-26,BenchmarkScanDirHierarchical_MixedMode_500flat_500hier,30190111835,95,77bd8c285826,6,True,31842231.0,31848181.833333332,31556827.0,32145211.0,197738.10475618165,0.6208772161342743,31820884.0,31845102.6,31863578;31954703;32145211;31556827;31820884;31747888
2026-07-27,BenchmarkScanDirHierarchical_MixedMode_500flat_500hier,30242446630,96,e9a7d92b5748,6,True,20328908.0,20429335.666666668,20002528.0,21074244.0,375001.94890409126,1.8356052052928946,20404500.0,20464539.6,20253316;20002528;21074244;20612171;20404500;20229255
2026-07-28,BenchmarkScanDirHierarchical_MixedMode_500flat_500hier,30332309478,97,ebb934f0a1f5,6,True,24490686.0,24496702.166666668,24241684.0,24777332.0,182643.7058827012,0.7455848735885334,24543762.0,24547705.8,24241684;24397156;24437610;24582669;24543762;24777332
2026-07-29,BenchmarkScanDirHierarchical_MixedMode_500flat_500hier,30425942883,98,9ed59fa5e798,6,True,33527073.5,33567312.0,33170705.0,34005051.0,329710.0456146279,0.9822354724579313,33702317.0,33646633.4,33170705;33702317;33332821;33351830;33841148;34005051
2026-07-30,BenchmarkScanDirHierarchical_MixedMode_500flat_500hier,30516919622,99,c66889742b5b,6,True,31658879.5,31667506.0,31465960.0,31847655.0,150823.72762135274,0.4762728319096323,31710576.0,31689879.8,31555637;31847655;31818025;31607183;31465960;31710576
2026-07-31,BenchmarkScanDirHierarchical_MixedMode_500flat_500hier,30608283570,100,aa4992f30ef1,6,True,31540044.0,31571205.5,31509517.0,31708734.0,75292.87368337059,0.23848590033526146,31527350.0,31574899.0,31552738;31708734;31527350;31524013;31509517;31604881
2026-08-01,BenchmarkScanDirHierarchical_MixedMode_500flat_500hier,30686527891,101,6bd778b67838,6,True,24859156.5,24898139.333333332,24817439.0,25024477.0,82764.82034938919,0.3324136765456391,24858636.0,24882089.4,24978389;24859677;24850218;25024477;24817439;24858636
2026-08-02,BenchmarkScanDirHierarchical_MixedMode_500flat_500hier,30734783622,102,b57ea62c0133,6,True,32352857.0,32337194.0,32235032.0,32374492.0,51751.08714606873,0.1600358000946796,32350160.0,32330693.6,32369696;32235032;32338230;32350160;32374492;32355554
2026-08-03,BenchmarkScanDirHierarchical_MixedMode_500flat_500hier,30789482964,103,41368040dd24,6,True,31128615.0,31098942.5,30890808.0,31269354.0,163017.2521173756,0.5241890527865236,31212730.0,31140569.4,30890808;31212730;31269354;31044500;31237074;30939189
2026-08-04,BenchmarkScanDirHierarchical_MixedMode_500flat_500hier,30881460004,104,90e6e2f3fd9e,6,True,31912089.5,31905572.333333332,31820788.0,31974521.0,50796.43783442562,0.1592086714625585,31906144.0,31901293.4,31926967;31918035;31906144;31886979;31974521;31820788
2026-08-05,BenchmarkScanDirHierarchical_MixedMode_500flat_500hier,30978778938,105,7413b57e0e82,6,True,31460551.0,31498660.666666668,31378915.0,31664238.0,108064.52490742125,0.3430765709406181,31447083.0,31479556.0,31594184;31664238;31447083;31378915;31474019;31433525
2026-08-06,BenchmarkScanDirHierarchical_MixedMode_500flat_500hier,31074843308,106,b115e1519df6,6,True,33656531.5,33669573.666666664,33279950.0,34035359.0,269743.52635247185,0.8011492186475816,33765129.0,33747498.4,33279950;33765129;33531702;33547934;34035359;33857368
2026-08-07,BenchmarkScanDirHierarchical_MixedMode_500flat_500hier,31148621511,107,f85bfc3ea8b8,6,True,31770394.0,31942761.833333332,31544922.0,32835732.0,496550.2017437579,1.5544999030910072,31629637.0,31764167.8,32835732;32156340;31911151;31544922;31629637;31578789
2026-08-08,BenchmarkScanDirHierarchical_MixedMode_500flat_500hier,31238698860,108,f85bfc3ea8b8,6,True,32828218.0,32917873.0,32708053.0,33364017.0,244076.90419455915,0.7414722822296542,32786373.0,32828644.2,33364017;32708053;32786373;33018972;32759760;32870063
2026-08-09,BenchmarkScanDirHierarchical_MixedMode_500flat_500hier,31294075244,109,257b30dba613,6,True,32121016.0,32099286.666666668,31890077.0,32245974.0,159029.76571531087,0.4954308404630514,32233599.0,32117457.4,32008433;32240520;32233599;31890077;31977117;32245974
2026-08-10,BenchmarkScanDirHierarchical_MixedMode_500flat_500hier,31355369237,110,9281424d94ee,6,True,33412881.0,33407635.833333332,33287629.0,33571686.0,109288.42061337818,0.32713605104714666,33434705.0,33430928.0,33291175;33287629;33469563;33434705;33571686;33391057
2026-08-11,BenchmarkScanDirHierarchical_MixedMode_500flat_500hier,31457798282,111,b016f77eed8b,6,True,34849763.0,35267216.166666664,34494277.0,37085652.0,1003348.1803887256,2.844988319029998,34802073.0,35341168.8,34897453;34802073;34494277;37085652;35775980;34547862
2026-08-12,BenchmarkScanDirHierarchical_MixedMode_500flat_500hier,31564103354,112,2e61b20a7f94,6,True,32708463.0,32642592.0,32289543.0,32895685.0,252823.39077229385,0.7745199608299913,32796996.0,32691822.6,32396439;32289543;32796996;32856959;32895685;32619930
2026-08-13,BenchmarkScanDirHierarchical_MixedMode_500flat_500hier,31668058000,113,72fdaf56f88e,6,True,32837343.5,32969115.166666668,32712094.0,33376349.0,289228.2533165919,0.8772702932865343,32809194.0,32904185.2,33293765;33376349;32865493;32712094;32757796;32809194
2026-07-15,BenchmarkScanFromConfigSource_1000_InMemory,29391343044,84,b2e12fd539a9,6,True,11221940.5,11209890.0,11152178.0,11247987.0,33840.97026977802,0.30188494507776636,11224205.0,11221432.4,11152178;11225441;11189853;11247987;11224205;11219676
2026-07-16,BenchmarkScanFromConfigSource_1000_InMemory,29474168829,85,1b56e4766171,6,True,10339682.0,10337114.333333334,10218557.0,10501352.0,99147.52173537505,0.9591411929696987,10358385.0,10360825.8,10218557;10320979;10367012;10501352;10358385;10256401
2026-07-17,BenchmarkScanFromConfigSource_1000_InMemory,29557674838,86,ebbf8136e377,6,True,10945576.5,10938187.5,10881996.0,10984870.0,42927.99658381462,0.39245987128868126,10929265.0,10930686.8,10975691;10895415;10929265;10881996;10984870;10961888
2026-07-18,BenchmarkScanFromConfigSource_1000_InMemory,29632027547,87,32f28b3bc13b,6,True,10951355.0,10934064.5,10856658.0,11008323.0,62926.05931011412,0.5755047385179969,10946439.0,10925247.8,10978148;10858548;10856658;10946439;11008323;10956271
2026-07-19,BenchmarkScanFromConfigSource_1000_InMemory,29675300289,88,ba07b7d9cc7c,6,True,10104596.0,10110358.0,10068162.0,10183117.0,42979.100469879544,0.42509968954491567,10100138.0,10106139.4,10131451;10109054;10068162;10070226;10100138;10183117
2026-07-20,BenchmarkScanFromConfigSource_1000_InMemory,29720864620,89,4ecc0bdee32c,6,True,10656141.0,10657619.166666666,10611561.0,10710166.0,46573.59277280063,0.43699809539513906,10622984.0,10651283.4,10689298;10699175;10611561;10622984;10710166;10612531
2026-07-21,BenchmarkScanFromConfigSource_1000_InMemory,29804773784,90,c4be2b8fc37b,6,True,10765113.0,10769964.0,10749242.0,10796588.0,19631.81726687573,0.182283035178908,10765127.0,10770937.0,10765099;10749242;10752700;10791028;10765127;10796588
2026-07-22,BenchmarkScanFromConfigSource_1000_InMemory,29894506183,91,7f8dd633fef2,6,True,11217290.5,11272874.0,11091284.0,11682680.0,211998.4934087976,1.8806073181408538,11230893.0,11286711.2,11203688;11091284;11682680;11142233;11286466;11230893
2026-07-23,BenchmarkScanFromConfigSource_1000_InMemory,29983092381,92,7f8dd633fef2,6,True,12437568.5,12510245.166666666,12354580.0,12870197.0,190167.37806828663,1.520093135944165,12412265.0,12438254.8,12870197;12412265;12462872;12562755;12398802;12354580
2026-07-24,BenchmarkScanFromConfigSource_1000_InMemory,30070185243,93,fc45276a5875,6,True,11071693.5,11075231.333333334,11011649.0,11164311.0,59776.398682646206,0.5397304749990733,11052739.0,11067098.6,11115895;11016146;11090648;11052739;11011649;11164311
2026-07-25,BenchmarkScanFromConfigSource_1000_InMemory,30146064925,94,ad341574f17c,6,True,7745342.0,7748075.5,7712742.0,7780239.0,27514.218918588256,0.35511036151607267,7752221.0,7749998.0,7738463;7712742;7726362;7752221;7780239;7778426
2026-07-26,BenchmarkScanFromConfigSource_1000_InMemory,30190111835,95,77bd8c285826,6,True,10835456.5,10833801.666666666,10792350.0,10886138.0,36035.58551580183,0.33262179449597795,10835517.0,10841432.8,10795646;10886138;10835517;10792350;10857763;10835396
2026-07-27,BenchmarkScanFromConfigSource_1000_InMemory,30242446630,96,e9a7d92b5748,6,True,9183762.5,9180722.833333334,9028002.0,9331691.0,131646.91854109865,1.4339493842806745,9108296.0,9165021.6,9259229;9057892;9028002;9299227;9331691;9108296
2026-07-28,BenchmarkScanFromConfigSource_1000_InMemory,30332309478,97,ebb934f0a1f5,6,True,10245681.0,10255239.666666666,10199814.0,10319646.0,56015.20859790372,0.5462106242136294,10273071.0,10262629.4,10218291;10202283;10199814;10273071;10319646;10318333
2026-07-29,BenchmarkScanFromConfigSource_1000_InMemory,30425942883,98,9ed59fa5e798,6,True,10959687.0,10960573.5,10864451.0,11061473.0,93406.59931664358,0.8522054007177963,11034267.0,10977043.8,10878222;10864451;11039921;11034267;11061473;10885107
2026-07-30,BenchmarkScanFromConfigSource_1000_InMemory,30516919622,99,c66889742b5b,6,True,11000054.5,11112522.666666666,10817481.0,11747876.0,349017.5159442097,3.1407586415200686,11060597.0,11163824.0,10856016;10939512;11253654;11747876;11060597;10817481
2026-07-31,BenchmarkScanFromConfigSource_1000_InMemory,30608283570,100,aa4992f30ef1,6,True,10891515.0,10882324.833333334,10831218.0,10914597.0,30525.450957629877,0.2805048684462005,10899107.0,10892546.2,10831218;10883923;10899107;10914597;10863561;10901543
2026-08-01,BenchmarkScanFromConfigSource_1000_InMemory,30686527891,101,6bd778b67838,6,True,7742054.5,7744115.5,7726632.0,7777255.0,18560.014857213882,0.2396660387776226,7745894.0,7747612.2,7726632;7745894;7738215;7748692;7777255;7728005
2026-08-02,BenchmarkScanFromConfigSource_1000_InMemory,30734783622,102,b57ea62c0133,6,True,10950181.5,10958466.666666666,10896320.0,11044780.0,51707.68964735,0.47185150277122107,10961287.0,10964959.4,10926003;11044780;10983334;10961287;10896320;10939076
2026-08-03,BenchmarkScanFromConfigSource_1000_InMemory,30789482964,103,41368040dd24,6,True,10629457.0,10627318.333333334,10498246.0,10780776.0,119821.6388348393,1.127487058132156,10556188.0,10596626.8,10780776;10702726;10556188;10511941;10714033;10498246
2026-08-04,BenchmarkScanFromConfigSource_1000_InMemory,30881460004,104,90e6e2f3fd9e,6,True,10897572.0,10888829.666666666,10826366.0,10949511.0,41841.423487575885,0.38426006070847607,10897814.0,10894626.8,10859844;10826366;10949511;10897814;10897330;10902113
2026-08-05,BenchmarkScanFromConfigSource_1000_InMemory,30978778938,105,7413b57e0e82,6,True,10832172.0,10827973.0,10765803.0,10872441.0,38842.97069483744,0.35872799733465754,10813082.0,10819079.4,10872441;10765803;10811483;10813082;10851262;10853767
2026-08-06,BenchmarkScanFromConfigSource_1000_InMemory,31074843308,106,b115e1519df6,6,True,10986757.5,11011021.833333334,10905224.0,11151064.0,99513.54452016403,0.903763029684581,10959357.0,10991744.8,11107407;11151064;11014158;10928921;10959357;10905224
2026-08-07,BenchmarkScanFromConfigSource_1000_InMemory,31148621511,107,f85bfc3ea8b8,6,True,10915485.0,10914223.833333334,10856824.0,10994257.0,54510.79780893568,0.49944731426941447,10888737.0,10908485.2,10942917;10888737;10942233;10856824;10860375;10994257
2026-08-08,BenchmarkScanFromConfigSource_1000_InMemory,31238698860,108,f85bfc3ea8b8,6,True,10105461.0,10188836.166666666,10089601.0,10601086.0,202615.881060115,1.9886067235331935,10108813.0,10206181.6,10102109;10089601;10108813;10095131;10601086;10136277
2026-08-09,BenchmarkScanFromConfigSource_1000_InMemory,31294075244,109,257b30dba613,6,True,10822457.5,10811837.333333334,10754858.0,10850780.0,39496.868127316964,0.365311342647993,10814500.0,10804048.8,10850780;10754858;10830415;10846838;10773633;10814500
2026-08-10,BenchmarkScanFromConfigSource_1000_InMemory,31355369237,110,9281424d94ee,6,True,10156209.0,10185426.0,10110964.0,10314976.0,75041.7135918417,0.7367557684071506,10152595.0,10190546.6,10159823;10314976;10232318;10110964;10152595;10141880
2026-08-11,BenchmarkScanFromConfigSource_1000_InMemory,31457798282,111,b016f77eed8b,6,True,10459707.5,10446638.333333334,10202700.0,10708886.0,169023.60715434595,1.6179712722993593,10480286.0,10466824.0,10345710;10439129;10202700;10503119;10480286;10708886
2026-08-12,BenchmarkScanFromConfigSource_1000_InMemory,31564103354,112,2e61b20a7f94,6,True,10151969.0,10172198.666666666,10105052.0,10283670.0,63355.87733325667,0.6228336607391272,10139121.0,10173675.0,10164817;10139121;10138808;10283670;10105052;10201724
2026-08-13,BenchmarkScanFromConfigSource_1000_InMemory,31668058000,113,72fdaf56f88e,6,True,10883417.0,10896383.833333334,10831975.0,10978356.0,51884.4580637272,0.47616217322490484,10881552.0,10888892.8,10933839;10881552;10867299;10885282;10831975;10978356
2026-07-15,BenchmarkSimulate_DeepChain_L4,29391343044,84,b2e12fd539a9,6,True,249198.5,248705.0,245668.0,251188.0,2516.980889875805,1.012034695673913,250491.0,249312.4,245668;246002;247906;250975;250491;251188
2026-07-16,BenchmarkSimulate_DeepChain_L4,29474168829,85,1b56e4766171,6,True,230649.0,230344.5,227719.0,232938.0,1827.144301909403,0.7932224567590731,230518.0,230257.4,230780;232938;227719;230518;231215;228897
2026-07-17,BenchmarkSimulate_DeepChain_L4,29557674838,86,ebbf8136e377,6,True,246091.5,246042.5,244532.0,247815.0,1127.6319878400045,0.45830780773240576,246312.0,246344.6,244532;247815;245243;246312;246482;245871
2026-07-18,BenchmarkSimulate_DeepChain_L4,29632027547,87,32f28b3bc13b,6,True,247093.0,247034.33333333334,246204.0,247909.0,563.0679059107051,0.22793103222252714,247113.0,247026.6,247073;246719;247909;247188;246204;247113
2026-07-19,BenchmarkSimulate_DeepChain_L4,29675300289,88,ba07b7d9cc7c,6,True,228153.5,228462.5,225871.0,230869.0,1901.1724540398748,0.8321595246659189,228725.0,228980.8,225871;230869;227582;227381;228725;230347
2026-07-20,BenchmarkSimulate_DeepChain_L4,29720864620,89,4ecc0bdee32c,6,True,240586.0,240762.5,239362.0,243305.0,1425.1928641415518,0.5919496865755887,240412.0,240254.0,243305;240760;239362;241173;240412;239563
2026-07-21,BenchmarkSimulate_DeepChain_L4,29804773784,90,c4be2b8fc37b,6,True,244414.0,245110.83333333334,243510.0,247303.0,1617.6116241751809,0.6599510932164079,244739.0,245315.2,244089;247303;246963;244061;244739;243510
2026-07-22,BenchmarkSimulate_DeepChain_L4,29894506183,91,7f8dd633fef2,6,True,250506.5,250187.5,248683.0,251188.0,1075.7889662940404,0.42999309169884203,250928.0,250488.4,248683;249132;251188;251109;250928;250085
2026-07-23,BenchmarkSimulate_DeepChain_L4,29983092381,92,7f8dd633fef2,6,True,269651.0,270092.1666666667,267790.0,272277.0,1659.9179999827302,0.6145746544479804,269551.0,269655.2,272277;271774;269751;269410;267790;269551
2026-07-24,BenchmarkSimulate_DeepChain_L4,30070185243,93,fc45276a5875,6,True,244849.5,246052.83333333334,243080.0,249609.0,2726.40007457942,1.1080547367182332,244785.0,246280.6,244914;244607;243080;244785;249609;249322
2026-07-25,BenchmarkSimulate_DeepChain_L4,30146064925,94,ad341574f17c,6,True,169410.0,169353.66666666666,168933.0,169694.0,325.6314890588235,0.1922789718511105,169513.0,169437.8,168933;169307;169014;169513;169694;169661
2026-07-26,BenchmarkSimulate_DeepChain_L4,30190111835,95,77bd8c285826,6,True,244818.5,244863.0,244483.0,245304.0,341.3297525853848,0.13939621444864467,244610.0,244774.8,245304;245153;244610;245027;244483;244601
2026-07-27,BenchmarkSimulate_DeepChain_L4,30242446630,96,e9a7d92b5748,6,True,209276.0,209703.16666666666,207616.0,212708.0,1828.4993209368897,0.8719464517402248,209190.0,209102.2,212708;209190;210886;208457;207616;209362
2026-07-28,BenchmarkSimulate_DeepChain_L4,30332309478,97,ebb934f0a1f5,6,True,233691.0,234008.0,232031.0,236538.0,2142.0752554473897,0.9153854806021118,232181.0,233769.4,235201;236032;232031;232181;236538;232065
2026-07-29,BenchmarkSimulate_DeepChain_L4,30425942883,98,9ed59fa5e798,6,True,249372.0,249586.66666666666,248908.0,251110.0,812.10188194996,0.32537871225090553,249402.0,249635.6,249342;251110;248969;249402;249789;248908
2026-07-30,BenchmarkSimulate_DeepChain_L4,30516919622,99,c66889742b5b,6,True,243364.0,244007.33333333334,241793.0,248749.0,2479.45104139337,1.0161379199231868,243841.0,244292.6,242581;243841;242887;241793;244193;248749
2026-07-31,BenchmarkSimulate_DeepChain_L4,30608283570,100,aa4992f30ef1,6,True,247410.0,247248.0,246007.0,248270.0,761.43522377153,0.3079641589705599,247478.0,247328.8,246844;246007;247547;247478;248270;247342
2026-08-01,BenchmarkSimulate_DeepChain_L4,30686527891,101,6bd778b67838,6,True,170966.5,171215.5,170738.0,172310.0,620.9495148560791,0.36267132056156076,171070.0,171311.0,170738;170863;172310;170738;171070;171574
2026-08-02,BenchmarkSimulate_DeepChain_L4,30734783622,102,b57ea62c0133,6,True,247954.5,248369.5,245548.0,252129.0,2733.2634523587367,1.1004827293040154,247890.0,248439.6,248019;245548;247890;245586;252129;251045
2026-08-03,BenchmarkSimulate_DeepChain_L4,30789482964,103,41368040dd24,6,True,242858.0,242693.83333333334,239998.0,245098.0,1654.9139453961545,0.6818936940697523,243080.0,242796.8,242179;243080;239998;242636;243172;245098
2026-08-04,BenchmarkSimulate_DeepChain_L4,30881460004,104,90e6e2f3fd9e,6,True,246232.0,246410.83333333334,245173.0,248237.0,1127.7179464150895,0.45765761641232877,246416.0,246658.4,245173;245479;247112;248237;246416;246048
2026-08-05,BenchmarkSimulate_DeepChain_L4,30978778938,105,7413b57e0e82,6,True,244705.0,244683.66666666666,244156.0,245598.0,522.0902859340199,0.21337357456117623,244674.0,244500.8,245598;244674;244156;244192;244746;244736
2026-08-06,BenchmarkSimulate_DeepChain_L4,31074843308,106,b115e1519df6,6,True,249333.0,249921.5,247966.0,252565.0,1983.5085832937552,0.7936526402465396,249532.0,250271.8,248170;252565;249532;247966;252162;249134
2026-08-07,BenchmarkSimulate_DeepChain_L4,31148621511,107,f85bfc3ea8b8,6,True,246206.5,246301.33333333334,245573.0,246953.0,559.8780819666606,0.22731427166451687,246099.0,246298.8,246314;246953;245573;246099;246952;245917
2026-08-08,BenchmarkSimulate_DeepChain_L4,31238698860,108,f85bfc3ea8b8,6,True,222110.5,222244.33333333334,221716.0,222907.0,490.58685945168435,0.2207421229120282,222126.0,222350.0,221716;222780;222907;222095;222126;221842
2026-08-09,BenchmarkSimulate_DeepChain_L4,31294075244,109,257b30dba613,6,True,244195.5,244124.33333333334,241792.0,246398.0,1708.8008270909359,0.6999715283431813,244956.0,244590.8,241792;245270;242895;243435;246398;244956
2026-08-10,BenchmarkSimulate_DeepChain_L4,31355369237,110,9281424d94ee,6,True,226253.5,225842.83333333334,223703.0,227345.0,1573.8024547784473,0.6968573815470998,225443.0,225542.4,227345;227064;224358;223703;227144;225443
2026-08-11,BenchmarkSimulate_DeepChain_L4,31457798282,111,b016f77eed8b,6,True,229965.5,230205.5,226599.0,233579.0,2393.4380083887695,1.0396962750189591,230016.0,230263.6,229915;230016;231955;226599;229169;233579
2026-08-12,BenchmarkSimulate_DeepChain_L4,31564103354,112,2e61b20a7f94,6,True,223077.0,223008.33333333334,221739.0,223874.0,810.8320829041403,0.3635882438940878,223457.0,223070.6,222697;222597;223686;223874;223457;221739
2026-08-13,BenchmarkSimulate_DeepChain_L4,31668058000,113,72fdaf56f88e,6,True,249402.0,251570.33333333334,247590.0,260043.0,4999.194121722687,1.9871954119084072,249462.0,252016.0,249342;247757;260043;255228;249462;247590
